100
291 69 6206 62615 66951 16064 51083 22069 66862 72577 22148 35814 1931 67330 84485 13955 93768 76914 77486 81474 31516 72173 80096 45270 55930 41235 67180 19026 94435 98788 30622 42393 82466 16657 3730 58650 44488 41588 63044 18947 14536 49309 73783 71940 29046 81381 3094 66002 80776 76776 42115 77369 87976 13361 8202 46229 40224 60295 85771 47024 76188 47709 79938 8525 65875 52599 1405 36976 33325 71372 20676 61219 61086 16112 93718 17755 25900 97451 33005 6140 4651 68401 79109 3566 11284 54836 43517 56558 39242 74828 49188 9975 27520 53588 30753 86388 59204 17310 70037 45963 86442 77401 35593 46181 76998 71788 13140 8202 53129 24246 72741 70373 43863 35692 77599 67529 92310 56933 37746 79444 68265 98761 94044 50032 58017 98633 22853 71452 62573 3119 70713 47335 3881 84082 29642 18174 33139 98288 94757 34577 44955 26102 84199 74979 2089 69653 73780 5841 67046 89478 22743 95071 81396 81106 37425 11740 35531 79172 97058 10788 56330 25093 37010 57106 26078 90058 11174 82404 69647 22086 8928 85177 11028 16479 89344 54475 75402 34306 91584 36023 26722 5761 71254 3185 30992 36690 63770 2536 41467 77838 42647 55007 63339 31975 27946 79405 88047 2215 97707 90446 51102 81548 41624 86337 26915 77016 20515 69137 77026 20900 73413 1445 45554 69857 61184 68091 83714 57427 78215 34681 78403 17566 92617 98754 48200 1012 62110 68315 85445 33034 95659 7107 51038 12855 81267 66858 46759 99606 7281 15242 60560 64639 16234 80107 12062 47131 77929 30315 11812 38122 44421 98385 10861 46046 8513 98263 51632 74600 12931 21897 66766 83304 57962 85703 71783 18709 2943 43832 52992 99669 68890 27993 15728 84018 8714 79807 65176 3961 44712 64940 57811 53523 6808 89714 63476 90067 78142 51476 35707 37730 89910 24268 42582 26940
406 110 8817 38613 39219 14396 24287 5582 80099 99726 89308 96661 65344 11580 27797 95583 14073 22485 11067 11180 46410 53042 96458 20132 44892 2077 28221 56517 59307 94213 3744 71702 21306 83872 6949 9322 94579 51381 40791 75664 31810 88706 75261 6331 61791 72508 12264 88681 16148 64518 57101 19587 20101 64446 1366 42091 61323 66370 30947 46531 43863 71046 41504 27550 71649 548 39186 25046 24504 99786 65902 20143 84554 4433 67864 91681 21145 51442 90716 75112 16944 93607 5565 72683 98160 41713 19300 72725 40985 80248 96761 5168 64869 60009 51619 42757 72485 53114 5365 3401 20417 24249 67677 68125 58936 90010 95564 97797 6024 29125 56045 35093 47603 45958 89402 84140 83695 23805 3183 1466 59547 52623 34745 99552 47197 8652 9338 19782 7607 80008 89283 41263 62676 95664 60647 5069 24011 23688 66648 27930 72975 2307 95430 31778 28070 22562 43471 40546 76062 48019 36198 22082 760 73462 17165 25845 30635 86853 8928 36429 58474 28960 2365 84723 61405 34868 89885 24737 87765 31854 1852 87178 33169 71106 66305 78629 1226 94177 31672 72856 4872 40240 68183 94269 77895 72454 67031 4584 71314 23822 29781 41109 5563 70443 22118 61302 37511 97588 43631 70866 50608 32698 20052 78394 17869 78624 85203 97821 31629 31472 47906 92198 35263 23669 79457 84474 7634 85942 35439 66969 15858 77389 61719 13014 35462 64944 17802 84533 47072 65001 81310 20914 66716 13553 3031 93963 42335 78447 58324 33774 6969 86110 73346 18121 65624 90703 63078 21407 43396 47784 70864 30385 71126 74584 64763 42298 56808 90499 51557 77233 17255 62319 67119 32754 93967 69123 82691 75143 50936 44149 50880 33012 33982 87600 80734 94357 52808 19492 69059 84140 80238 93390 54140 70511 51876 84994 39952 19009 52585 54364 36680 95810 35722 99220 89704 56727 17456 15397 3419 24688 45329 92358 65629 9276 52566 15099 19544 19023 55115 1814 34414 58762 50062 46981 63009 51757 47375 8275 60821 26211 57811 78056 66910 93460 61178 86732 89458 94290 78584 7103 2264 75703 3813 44848 46626 85757 94636 20937 22488 75169 74416 13869 74938 90652 7779 34014 76060 34322 86684 47324 51475 18923 27203 2078 35672 68234 87346 92657 40900 8531 95808 58073 53807 47830 1409 61547 64929 58759 33562 30356 5107 59570 90591 29026 12535 89853 40503 73122 49787 13627 17645 3866 31414 15378 38502 786 44127 18256 11183 3823 64125 64121 22111 54488 16543 41814 8979 84325 50743 1041 84247 5620 38799 31517 8979 45638 6099 14302 25129
285 43 993 46440 28626 47168 30624 81582 35528 69544 78768 66061 41294 50981 88003 72691 92409 27883 63066 96257 87131 60479 4630 80096 58973 36538 54650 80174 75494 7995 44178 1922 27754 73922 8603 89363 99124 86601 57157 60115 91769 23523 27106 36443 70240 20256 70326 3530 38529 6144 73366 86933 31272 57558 91342 50389 29343 15895 39048 31409 4868 97141 41510 80194 1945 8050 80097 31349 56039 26891 23823 67956 48097 9271 35313 77682 16554 81697 77094 93576 53996 50006 16602 47372 15107 89010 17439 88960 64701 5367 37277 70947 63942 63731 92664 5471 97909 15443 67035 65747 87066 1349 57029 75117 92603 31746 7295 61429 41237 56333 52465 82977 50773 43525 92189 69869 78157 45813 57517 96212 56896 30024 71859 90995 21531 55791 3883 68810 29998 2670 93330 86135 97434 30897 67457 36870 51235 46984 18861 58142 13753 36198 82287 34693 23063 42618 64771 47547 80321 39193 73946 57374 8942 30097 50266 70211 29895 62578 97898 75565 62854 45865 54819 70442 54212 24736 58082 26728 82665 16610 94012 16348 84126 34844 48960 55029 28035 53383 98342 16352 87826 44969 85641 72355 80204 54250 21673 77083 79707 75431 2874 99565 95422 9681 32953 76443 79724 2502 2103 8864 38195 79121 51371 61461 32900 46819 87825 69260 79978 54419 96640 73171 4573 81010 30622 10067 76970 94987 39459 15390 2218 69364 59044 31605 80223 77656 47548 81816 14250 98670 10718 93815 47155 53288 87852 95010 74732 74619 35670 89611 29348 84471 2219 22414 56689 11290 69036 8219 40259 62042 62435 13228 68989 50812 5989 20743 21237 62720 30005 28038 79765 36048 62710 43599 18008 4941 7415 24614 29235 27145 86545 58996 35858 62606 75793 23631 93034 87668 14591 32712 2842 7386 31429 21018 40699 23799 25668 96403
213 104 5517 64429 56436 78372 57752 11371 62179 52197 89765 48248 83306 68908 1857 71589 59014 71784 2144 17943 89918 28087 3209 83210 47302 55099 71445 95803 90975 85699 75903 98425 49103 49610 17306 9550 66228 85897 21127 46643 23985 41785 65470 73944 46242 2189 35011 28860 75248 67172 44335 69227 34588 13811 11869 26728 56359 96039 71521 92513 10438 64805 4061 19986 83771 59282 17187 75928 94177 76026 51448 18779 47199 4277 47232 51873 54200 10909 67784 88320 3965 74460 93006 89562 116 44424 65213 30988 36897 97747 46630 98327 86862 17764 99394 7184 22622 52192 90518 65613 8377 92309 8763 8327 72274 35493 7767 5427 95072 39553 9393 1741 22616 57639 60089 86099 96204 25320 10219 61921 20595 60028 91556 50130 29847 28255 88298 11213 9022 67116 72639 92422 18681 87998 40120 85282 1367 15799 38139 44505 5843 97872 17431 31171 74629 51479 48381 90561 52894 18721 64934 51264 24987 74322 4296 52826 54476 90682 43932 39167 40310 65038 90625 73807 24795 22677 8098 64628 21517 72277 33831 48641 2400 52030 12380 2380 32589 11572 12126 19798 51197 83259 5705 71610 56480 5458 62423 84396 36675 82849 12455 30925 1508 23593 45184 4442 96590 68616 42061 49225 55868 77444 90478 67067 80761 37994 40481 39792 88829 37650 36416 54661 1022 69105 45914 43767
670 19 8576 30867 4809 81917 88810 64949 2788 20595 92918 82276 94819 75682 22634 48390 61286 5023 68679 30730 87424 94320 75702 13636 49374 14758 6715 70030 83830 28924 30798 76132 73916 77771 73355 47296 50855 31271 26444 16387 89121 13240 92616 41976 32161 37251 65576 90781 48150 23261 29866 98275 86139 10361 8049 84016 83505 55675 63102 63559 61138 15311 22115 29701 85120 16388 99533 44118 64264 62387 27847 2243 92899 49829 24307 99783 68643 13704 6751 96018 34360 85691 47818 61044 80033 35293 88986 81506 45026 74810 5032 52992 2467 92737 59778 26401 54007 92828 28479 39448 36713 51589 74373 63090 7714 49460 26641 32310 2732 11495 95700 30875 2785 21214 33237 73783 54197 5003 73869 71291 94413 80810 34958 7906 16101 58042 17937 89166 47686 38757 72931 87901 88107 65824 94382 56151 88372 98474 64072 26734 29723 43071 63991 96667 13958 6947 92526 30529 20236 28956 4110 70592 43031 88957 82227 50307 75267 67370 22210 62103 77004 34240 46458 96220 86611 41842 51786 43071 8877 18682 3603 84074 58588 43465 2976 41405 8055 306 6551 16921 73569 12234 25995 39224 82581 87077 81955 34703 26581 94227 57179 50984 34828 49508 58540 46819 96048 63872 49226 49102 89032 8602 42856 73448 33267 1039 56127 56003 95927 99841 85426 65359 69349 67409 10242 80388 4515 67403 38042 2334 24985 16013 1942 91750 27742 12831 71649 59246 35086 65408 53155 85871 95615 10571 95090 59036 19934 47120 9514 53568 88809 94285 76328 15596 76350 83518 46367 48819 61703 24350 36523 49217 20134 10783 39911 8462 90426 84228 29813 11221 38754 77342 34952 7157 12492 77630 92086 95280 98765 67505 43665 72556 87065 12431 7424 23697 7397 78567 11888 35319 34927 73416 3128 17610 29790 56705 54269 6586 88087 46896 54770 85599 41188 71046 557 74874 21783 15236 91422 78035 42072 15687 63674 98590 16527 32904 85302 59625 24374 86203 77961 60558 8686 50936 43024 34776 67911 1546 49516 98484 66423 27977 61580 10100 84632 10161 1805 90473 57976 25922 67181 41369 31395 999 77581 71448 82039 34900 69489 27827 95729 12851 54273 77437 84423 20702 80584 7792 24770 88094 73801 46494 23164 70842 57604 5890 37027 4588 52141 19984 65531 14077 74717 5537 61728 3090 608 41416 76335 96374 29050 89963 82516 69865 88418 90187 26719 53538 67751 62571 69140 99453 9479 54077 10613 79007 36395 42658 60977 54085 84004 68887 67073 86056 75932 28992 46614 88022 82598 49760 47905 9630 48938 44007 41352 36621 16782 87831 28251 42610 8056 2967 97134 84944 65969 21579 70189 42456 55538 66909 22005 80388 48968 45903 7521 24591 99694 10839 84984 7989 72395 76847 76261 2890 69228 70278 9829 71809 59644 34216 50983 76438 93436 60005 93518 98337 9192 13519 39022 11394 17160 83465 35614 34552 10451 27778 63127 76044 5111 87458 711 15405 74117 8186 88206 27299 84630 11658 87391 86760 90721 28302 10826 48966 29463 44708 68002 24229 30204 40924 7633 97150 39707 42739 74048 90803 22850 22040 44328 51810 83768 33029 66731 5362 8909 22786 32437 96333 80191 36640 30680 42368 86343 26018 81763 73697 55707 97418 1510 59929 62041 4985 40925 4549 46658 33580 36543 35436 87711 97815 7201 90855 73610 86366 2167 2551 3749 25559 16146 58240 78192 7431 47586 68094 47525 17461 67038 39123 93188 87296 1428 60542 22888 6411 87035 93852 36682 35596 37933 28433 51621 32489 20689 28876 84130 18407 20234 55142 37031 58114 30998 46519 62888 39807 85159 33010 628 26655 24877 29682 24603 21450 62046 73454 76181 46669 48286 8356 75542 83164 9070 48592 14734 22968 82157 90022 25443 71684 5159 30947 69691 4865 32428 45056 91710 86838 31893 34155 58562 29583 96116 10614 46006 56603 69242 31412 64635 68806 8955 32187 57823 10059 19007 13539 15159 59566 94528 88995 15245 46069 42490 19451 12031 57226 39278 63269 62285 6672 55432 40537 59876 21726 45478 70773 43144 24054 88985 27492 42490 16060 36668 70306 87088 17781 71941 74460 38115 37122 44947 65652 6354 38760 12709 83578 29651 97231 78285 90771 81955 34776 31375 69017 30439 28573 67466 46003 48032 75325 29475 72245 64282 47022 45113
484 276 9986 23847 54406 63400 88843 31091 16607 36355 29410 24884 78475 72706 49528 93173 77376 60132 99907 59564 61180 75447 90157 54254 90534 15342 61233 59982 84116 56996 32507 31988 75267 26269 10409 47360 10148 24843 38159 48759 12446 98589 92604 63295 46220 72528 54301 6027 49377 1511 45122 14618 52436 79310 88910 48597 5649 98407 37093 22478 16568 71845 50839 77166 11497 12878 22424 25363 80121 75258 93726 77406 97059 844 82286 80149 31327 28183 3206 14326 70311 77291 23000 23920 69763 70509 31515 16230 66694 6410 28702 21715 69460 9373 11923 81678 18604 52639 91507 63202 71066 16744 30356 67275 97227 25366 2786 17319 9646 82994 52232 57916 50654 64159 96078 63441 75093 2220 10993 79238 40406 49664 16749 89372 88615 78339 82567 82865 93966 16555 46665 19771 38092 4171 18776 49989 32900 36971 88295 18910 84595 91140 68929 94126 20356 44511 79440 69211 36036 92285 90213 11581 21845 48799 10390 37023 55553 38267 63587 25091 23800 87403 9233 39167 35728 12510 39112 10781 83248 92192 4716 6683 76458 47448 82151 44323 79387 78204 26754 76399 58792 50528 45559 12290 66275 17936 19227 30522 49402 34484 4840 14496 3212 62790 76444 43798 90713 69459 87742 44232 74813 48842 46627 3031 63933 4113 21886 16316 88637 70845 74342 95377 8908 11683 2134 44681 79785 38492 26610 48324 94177 2207 27199 82741 46355 50519 4611 55117 60247 70093 66724 20161 85640 36010 35448 41837 92471 3357 34115 33243 40248 65592 79305 80846 66619 72165 16817 27177 93545 36655 72220 73140 65781 39172 73167 73194 9319 78035 87429 21766 36242 61030 76742 44500 29319 49709 48654 76935 77102 97253 43847 58806 67509 94204 77685 30234 1887 31038 23301 61462 98259 97069 29638 16633 50294 68897 56264 99629 69275 10383 16142 46110 8294 57669 75558 83948 37437 95117 3504 46381 43899 42839 48607 52330 94931 7942 62752 55475 41813 99016 94272 54632 17308 88775 60067 6119 91743 19948 37576 62106 45778 61168 17360 7520 40556 97135 58079 44230 90499 97155 97785 49360 43324 84829 36587 85989 46605 27557 73661 92876 92658 30827 10270 45717 55122 57908 67281 28650 6923 78494 18901 10233 71661 21636 95956 59528 48167 84192 47656 66497 91722 84168 30018 51108 30463 93685 39207 28125 32849 34116 22701 48120 75555 100000 98693 3717 26801 98697 58903 28116 79740 50289 70306 96269 41760 37726 28420 59691 97680 51789 92568 44817 30715 44820 7746 73004 77154 79689 96519 79866 67357 19044 80490 43780 85864 25283 71782 52712 41931 11227 64612 62921 92743 28870 16329 21882 62576 81697 31536 77024 79424 81187 4349 36487 49331 504 27914 44343 59387 47325 62503 95600 24624 11415 61011 19142 55639 25147 20441 69542 48739 27295 27980 6946 31949 89011 10142 37608 37602 44414 87067 88219 51632 7722 51825 5376 8912 31176 18274 61557 55779 26385 18158 51976 62221 4927 37727 30594 40106 31976 18351 86332 69851 94585 296 62635 17531 4808 59676 22389 68525 62622 33604 53552 55297 80076 71679
880 599 9906 48949 72890 4856 28286 77294 99073 63957 23170 84766 72607 31541 95091 29718 49775 29970 11520 28006 65329 38242 97782 92310 67046 88953 44717 59637 35791 39991 47116 97158 45939 56257 8779 30882 69015 36178 5754 22089 3539 12903 22195 86153 94251 72535 84414 90679 74099 97639 98896 20752 11783 39669 57859 70233 70605 14273 68588 39421 34442 52219 83237 98777 99009 84007 5476 11664 40057 45955 84372 26364 36499 77902 12712 53370 46083 72366 31620 88819 32067 16323 85895 48744 39326 27292 19353 54133 496 50758 96942 78611 28714 51197 98373 73337 11921 15710 6436 46506 87399 92164 90703 60244 72577 26216 26677 76410 88491 31730 84616 6524 90439 96977 56193 52003 48553 87758 12137 75038 19238 88370 9395 15456 22344 44346 30776 22654 8613 17979 11851 96794 37082 4083 80246 52741 3026 64110 17274 96521 82550 21564 65193 74824 47189 12213 64408 40420 34120 91103 93383 25811 38058 12229 24985 91364 80525 81364 31014 23742 5508 30073 75234 19128 47999 47639 22209 84901 43956 16370 78705 64924 59961 61805 45859 326 50197 29259 27938 39340 62056 45022 35232 34625 41557 35274 80267 16649 45106 83464 60712 13960 93291 55070 42307 8708 61362 63275 45076 291 3903 57512 12422 68795 67361 36905 94760 6900 2975 86949 30914 22189 57116 73069 1059 75383 72665 79865 10712 61800 92112 59231 8257 88809 49695 70476 69963 52553 54567 78761 34438 60851 63664 62742 98395 15338 5182 55095 29329 64658 49949 87913 54754 56056 33296 39942 69222 71475 76801 21585 26633 37756 96702 50337 55774 63502 16703 43719 25524 1080 8853 50278 79432 25168 99655 40519 17423 79540 26484 3118 33251 91409 14139 40406 30940 30806 52723 21452 43356 43365 34535 1217 22944 15099 37173 1725 27766 47713 36909 49894 12334 10707 10776 39191 5521 8940 98147 40765 15647 82527 68373 54234 6938 37803 1417 51834 31547 86592 91715 76179 17129 78896 78950 89357 34312 89335 28379 77989 14851 62681 25110 91038 31420 46671 73886 69004 95161 89674 63018 80799 55940 82272 56904 53871 21297 92424 23454 43002 60950 49243 61638 54593 26952 75409 36160 48258 60517 94754 60903 98842 22539 2585 34324 95335 29929 87173 17581 29639 43020 46865 30897 23762 35194 1943 37532 95727 4066 29379 39112 35602 95920 69396 51639 87671 15524 1581 28482 76689 61899 99786 70776 9817 27436 5330 2428 96816 33400 30588 77719 64096 42910 55267 27666 33382 31047 31402 82696 22572 4802 74402 81531 19619 83487 3853 8713 61263 11365 22040 54662 30750 66581 25077 70716 83068 56750 88905 85638 21016 87101 61327 79739 54209 6342 31948 12447 11440 1813 18997 12136 72773 4252 16114 80106 11140 49750 2722 24486 96806 62795 40504 82969 10595 37143 39830 68252 21443 48669 57012 77509 76305 91220 86205 93930 43722 52269 99510 49405 94174 85562 61703 75370 97001 48011 8234 31836 74997 95632 36078 28793 73736 39333 82935 48737 31184 81858 48056 95831 52353 719 35065 51878 4731 43581 52348 93735 61098 76335 79286 37876 97742 47778 73425 5745 76066 95483 32415 75138 80680 45943 12094 44130 87514 27640 28269 88158 84465 33292 95790 94447 86895 26552 5169 69208 87463 1126 45690 71361 78507 58566 58927 18418 23104 54583 70706 71489 50838 66250 48083 20916 3781 41497 19416 7489 99743 84582 1998 20234 22386 48234 65223 24530 78948 70392 42962 27520 99484 77582 17687 17297 77699 41904 91091 71443 12382 56131 17901 51007 72257 2179 18408 64103 63216 37759 33264 45140 86557 15918 41390 62925 67525 33249 30427 92332 96320 80286 67581 875 91639 60447 78145 92017 66318 14368 33664 67638 28214 79309 70988 42880 73571 1359 2857 87127 13670 37155 55200 20856 33728 67466 14230 48290 1888 38954 13001 18727 97349 19178 15852 21908 89641 5974 83418 68869 35870 40918 35014 60205 73095 39763 71471 89698 32630 50449 15581 66867 19582 77168 73892 47707 51270 55351 41403 86336 29812 746 44877 3270 91070 66418 43380 91302 71443 31733 9438 10561 74344 22081 50014 68573 49371 89992 93178 65979 35419 27845 67162 97681 46189 83453 77555 71490 62817 76216 1111 45924 32084 68989 67658 67149 87677 48768 28511 23906 56681 21375 96789 62982 27754 56751 97240 94263 18932 16356 43763 51582 41747 1277 7548 18245 57954 27961 69680 24007 9175 31121 20484 92832 18633 97640 97741 5017 96399 3097 12176 24517 4290 56661 20157 97953 59822 51848 2737 84692 76708 95961 8637 26120 43701 56845 29638 21483 87129 37300 8535 93970 78730 35534 52784 25681 37163 1112 76556 82146 24239 73980 56039 65202 6067 55194 5301 96886 74274 46451 30332 53187 78357 39552 30116 32865 19729 54254 72268 22464 7686 89475 54789 93376 80722 55799 1106 13913 3332 16885 77194 57476 35935 14724 76201 10458 29131 29253 57040 4652 49077 17705 66390 13087 12069 21133 8555 95594 85856 63654 59132 54516 46198 94599 34158 15330 44025 43352 55037 21197 42000 4222 50349 18037 46985 28907 45002 31015 32622 32268 47075 41475 49062 17640 94405 47036 74687 37343 96899 5867 62748 22055 27827 59391 71417 24965 50576 82622 94590 75080 50402 91983 34908 67145 80248 64979 2581 93992 97877 69524 64437 61159 55933 46044 97142 71314 86888 62606 73024 17853 22185 25533 93355 52966 33052 11085 38281 97314 9950 7175 48126 22922 17203 81294 10386 7881 91084 45461 88521 65279 68285 12301 88733 18475 39413 11009 940 76100 699 84789 41245 38162 66954 25299 44200 44807 74055 95298 52919 40527
110 95 6685 78396 98995 81969 83732 86901 69691 13260 56146 19183 52370 38614 35020 44060 90473 55849 3827 5573 69289 61562 15335 82743 51853 75732 48245 80376 38067 80491 38102 13373 99744 21811 11998 68974 61606 34595 35597 19924 45091 41071 19543 30888 63414 87221 99604 4669 15632 24895 11456 70521 15438 99679 81507 84892 26040 56041 3194 92569 67551 34642 73690 21572 88508 92344 30426 318 303 64902 75813 1387 63004 131 24642 88519 96085 8019 21152 58284 78514 49736 47144 11839 49881 41027 25535 86800 84531 31056 18393 81523 14827 42031 89969 57982 69757 21613 92093 16648 72216 89668 88408 85841 26802 56533 53363 97767 11772 65371 16695 163 66710
235 109 3855 62604 98231 89328 57622 62255 81532 95844 50413 25940 5220 90063 44443 92421 27064 50478 54489 48787 78998 88246 93992 98300 92462 73758 87389 27881 49176 72164 31438 16495 11455 87320 45218 93651 16518 89405 91200 13007 89764 47165 63617 74328 86682 93705 49962 3655 61034 49317 26814 48780 6330 82514 76818 61527 51908 17354 15364 7545 27178 53798 33892 25395 13500 55686 79834 13345 75406 83857 75957 56146 71555 7787 76889 34182 61740 20641 71107 20212 20164 51428 42655 21012 34241 56203 99815 27141 47871 26176 78849 19095 38630 33730 61267 40456 25310 40682 34214 75892 468 53848 37013 99217 81911 58237 13363 20175 22947 57031 8978 67047 92911 7423 59861 39047 12325 87377 87071 2751 18 80938 76867 74036 96957 82818 65284 16882 36044 74343 70488 53292 64348 82458 90896 4356 29745 61345 84111 40906 27002 53119 89691 25898 99559 73777 69986 61689 75555 13999 28865 58856 30237 80781 38656 89027 38104 25450 36924 14551 72937 67530 68900 4061 3905 95810 4908 82183 74757 81943 50987 22041 85605 14815 4543 3291 51204 45049 33687 83998 76991 78745 78753 37013 46599 48359 64401 95373 33581 275 40497 26725 93878 16752 73590 32797 13545 66472 62093 83961 84689 57797 50691 83436 81986 5310 62073 34270 34554 91867 7778 40153 62922 67327 89595 67361 76669 16155 44464 60063 65940 12329 95537 79408 54745 87126 62554 18698 87942 47440 16664 76085 73536 15629 88210 47924 43942 94382
259 187 5266 41395 29616 44159 71101 4825 72033 63063 83114 9509 10201 37953 51119 50913 43987 75859 4331 43935 15542 22831 47266 62275 19410 80150 80158 23487 82850 69595 21668 22451 90758 71579 5973 38737 51802 50359 2672 16330 88223 43647 75196 76980 26947 30293 28032 98445 22315 29481 32151 11128 52257 36907 75592 26647 81902 37713 49962 82431 26061 70333 30593 56927 83137 16522 76113 44882 7257 82613 73202 51675 10984 96986 65630 15454 8662 95329 36092 27831 79582 36303 98965 22631 57566 41742 70508 85389 77883 1848 87977 38711 32538 82110 62317 19519 88128 36197 3034 46552 55405 49714 55802 90734 11346 22317 69963 16896 30669 75252 95738 34151 47518 44932 659 7920 60204 6461 58209 42273 38734 68269 77111 44902 50780 44635 30100 1561 33166 41039 10285 55704 71477 99351 76265 90679 59613 37941 47928 98967 14074 34953 67052 20307 12280 71330 85535 74938 56159 4037 1514 12743 58183 26073 53555 33986 19503 78673 69020 99035 6214 85049 12587 56178 64505 88344 26244 44019 81045 74033 79930 14329 94207 41115 80228 84869 53923 30052 86350 89954 28206 53167 29071 33269 53722 77809 98187 54637 13973 9910 63192 86891 63094 76645 99322 16157 22804 46332 21564 98665 93666 90466 97783 43516 60139 87963 24818 99677 8987 39899 88897 42892 67255 66959 43159 78072 95398 65526 24825 85939 79606 91979 1546 76916 72110 32230 19685 20319 90774 7536 19014 26922 58066 74335 54851 406 66728 32593 14643 26987 92574 12435 83726 68660 57444 88783 13487 90535 6840 57053 84948 3033 43652 55872 63334 21534 60445 89830 56850 37480 16297 96268
371 300 5251 29592 72617 65182 2533 28244 24810 34024 6389 15369 9446 71534 34398 34717 39554 17849 65771 54937 43483 22947 24095 67837 27997 7023 11424 51947 26761 52596 85313 17704 51488 42365 73724 12633 47327 62164 25088 1349 67490 42549 54532 69364 96835 43732 26875 59171 15297 83764 33781 71605 65992 21666 1213 62550 48172 50034 96725 98670 24911 6169 30289 93030 28061 44044 32867 34395 16994 47687 40092 35140 38841 24582 38154 28486 62804 51792 27023 51643 70361 69403 58450 1096 41984 44436 37588 83837 98313 60992 21681 81478 39984 80183 44657 41468 33064 18751 53596 50689 56538 95456 88652 69729 74896 78813 23090 31076 66627 90080 44528 4748 68393 31837 83211 98170 13929 1678 50715 93749 14835 60692 95054 94604 59211 81549 23671 64880 10305 61665 27078 36059 44394 71916 11703 86499 45613 93114 85504 27829 41693 39137 46750 27076 93585 72095 61869 68732 2218 76939 27126 14023 31235 38868 2870 96856 87122 63067 66991 14662 99448 35466 1477 9643 77036 39470 99222 27253 68786 93441 69600 73649 40175 31203 54884 34404 62154 50568 58786 41918 85577 82058 14438 88971 1602 71261 61155 67904 59671 700 61794 74188 51210 36021 34655 67166 39921 99481 56485 85809 339 42307 1621 85749 4562 56740 29749 79145 89010 86940 48183 9260 54430 22129 51930 55690 73286 30699 63170 94725 88804 14123 8969 84160 57973 50925 69636 23066 93944 97290 50619 25316 27011 28611 10354 29975 89582 34129 86171 32770 58185 38531 46723 32884 22289 64960 65528 42589 38230 86149 11487 54882 73963 85750 44529 54028 72041 92911 99460 7787 69677 25138 48742 84415 95195 78342 80872 78378 3893 34355 39796 61817 19792 85139 18948 32595 88818 839 31864 11974 21330 70365 45693 58955 16197 56829 68622 48504 79628 71193 51728 63703 76069 29859 46721 67417 28646 45614 76100 16829 84880 98207 76628 62930 72297 36107 24905 35393 72731 45516 86054 87705 84879 55071 92796 64030 51361 89043 65396 65232 68904 16354 76817 48085 36558 74947 12149 9553 97543 94608 89230 98813 84288 66772 61575 65011 98585 13917 3067 77052 81865 50036 2624 65050 49853 56964 4090 92162 82444 4319 51323 75280 75016 68406 93835 45120 19399 87135 35594 63706 87716 13937 23745 35313 4463 65500 10635 15297 65607 64695 32491 55604 95124 77639
473 225 9956 82965 50749 82747 60760 78619 51024 72536 29783 7706 39971 32283 64410 77196 92234 50825 74714 51987 23720 48731 30556 79143 63230 1332 68824 78838 12838 53221 25253 31676 4531 39949 82202 91345 68017 36554 53592 28728 93386 27556 64513 51530 70984 75060 73976 77221 35414 78829 80032 38043 59395 32797 6392 34576 11307 86475 11636 98175 92429 5599 85434 97599 58896 91615 13389 98862 91742 45357 64289 18783 99108 85536 42140 55653 58749 82420 61257 15213 9950 64892 65396 57498 33623 8159 28835 33243 24703 47476 61352 10452 38077 7723 97554 54879 29364 89732 64016 12201 80655 94798 42944 37798 60438 71606 18107 67898 25593 21602 71628 78619 88784 15722 84584 50234 75775 43125 49707 37040 86470 61124 8655 98806 81297 12389 5022 67910 81354 58503 79475 99189 99759 22186 12870 7109 72989 55796 99504 12057 90605 86528 16830 81242 64036 19292 50329 12327 94950 97450 95639 95752 23490 10776 3335 84824 72963 68025 27630 18052 80018 52029 6461 14956 86965 25770 62777 37841 94009 21839 65141 69416 92115 91851 1407 81717 33572 91531 34666 95730 6705 26037 97545 4696 785 68270 66176 66494 77816 1405 69236 79276 94768 12818 36265 35787 4210 81376 53674 9117 3971 48299 60192 44742 1233 94237 47443 41422 25053 50397 24972 486 35994 98012 97745 24323 99734 97250 52038 27963 60479 15950 38805 69143 5501 56565 86861 54173 53832 96312 17547 52368 94016 84744 22359 92562 58493 35072 81495 66433 77588 11272 34123 8985 3802 87286 90896 92053 74394 45141 9363 72051 59860 83598 35063 41254 1624 16480 37556 97022 81974 79745 92340 90760 90316 84021 85569 61114 48328 78758 36841 46608 83111 10600 16647 30343 82865 54048 31854 55577 74881 31063 40341 68800 25183 62490 77200 29390 68704 86568 14558 35316 78001 48246 715 45921 39206 97226 43758 97759 80818 70060 46113 49774 30975 28737 68775 48039 18025 97617 84136 29253 69249 25580 69673 78225 78414 5319 83654 28156 29098 67454 76899 5566 99151 27287 76050 23660 80914 84173 27540 97818 53621 74564 89731 67889 68492 56674 50852 88251 42665 177 50004 69734 8608 48866 48567 18228 41022 79374 73525 46664 36834 73817 40364 99556 35020 47198 70407 83572 13896 10274 82917 5664 11544 6668 34967 10234 82005 21553 26735 65063 19107 64025 59652 44276 2022 63080 49853 96998 37006 68375 2980 53041 15876 3196 59422 10854 38622 33316 42377 12890 59704 41753 83576 10953 34084 68422 57032 81264 90268 22175 69384 49353 45917 52925 46259 68167 82422 99534 33151 69571 63387 25786 652 30648 3723 89210 63 33538 40102 70983 50310 51902 30822 19705 15379 82170 1563 70345 27914 91566 66661 58807 85236 14497 55174 39268 84428 23259 53641 85241 46145 36229 1940 5894 39094 55761 58234 44320 5893 46396 28067 41085 77489 20226 71865 70556 91221 73084 536 84779 45596 79925 83183 3227 57655 87560 41366 36599 64997 57081 1207 30926 84060 67004
475 371 3713 24323 21176 80229 7532 777 76182 67040 46846 74863 32938 96857 2416 48496 87448 37683 81779 81242 93051 77099 54171 65160 69515 93776 59442 37259 2848 75738 77939 58396 8699 75746 52456 82930 4237 44818 84077 45162 23756 4745 31026 27329 21126 1293 18041 68503 64137 30759 11961 49783 18801 83687 9931 23829 41449 19157 72679 61421 56702 18505 76064 10378 71994 82164 65491 33009 73591 47657 4164 93534 72502 62730 52377 89010 62056 13640 55409 3332 60138 48384 22379 92392 17695 44722 82774 75483 94094 19537 9851 67749 1748 75030 15724 22969 52164 49403 52240 37568 50128 2764 38108 98537 69267 39029 69596 42246 30162 84532 41716 66357 75048 49635 64005 64929 21967 17932 38586 13037 55018 55557 74864 66287 82789 16848 37620 87412 58619 75635 81233 54330 5273 90746 19579 54759 88446 45810 36700 67122 95580 4056 99990 46715 67741 31109 60777 14803 50966 57696 98398 68749 58434 49410 50956 90124 59010 83221 87893 56948 3798 76217 47286 62642 8355 85197 82532 23236 80047 40509 51934 50655 12864 74664 84042 55861 29316 80927 45677 19290 61254 70153 94148 41348 26369 57095 94658 50983 73113 28926 66393 68930 58464 1410 56875 12066 76937 63367 44071 25598 51623 10282 44791 45902 20911 70628 50632 39344 36756 64155 62201 98388 8927 90392 93295 80142 83905 48297 21533 59288 70735 84109 39004 15774 6578 91823 25388 32588 81573 49550 39257 43428 66475 75303 60432 52702 62604 21437 32672 4771 16218 27610 9518 26031 18335 74819 9704 27720 37639 96040 46082 40427 69506 70485 87276 21139 13473 20179 94190 7357 61045 56563 70472 45970 65997 85816 11756 17361 38198 66976 13539 56746 78893 46089 49397 28452 57393 54296 41172 89141 926 36911 25003 32574 54173 34042 63320 89848 69762 22286 23401 50442 19023 73275 31808 73823 76055 83538 55221 78340 5088 76403 16385 1239 91926 10017 73175 90199 46185 77750 99947 35096 57067 52886 28362 27455 1286 15032 88687 11641 75837 82374 14866 14414 4084 35305 10645 4883 45110 95429 7043 15699 68450 13257 34837 3482 98587 50669 2632 16347 53270 322 65270 86009 73951 5268 5445 70324 24852 15526 77753 73094 35480 94537 95540 40963 79950 31480 8779 62933 72138 65651 35145 51830 55023 72539 81239 99421 86803 19175 78675 63223 17473 82946 23309 38080 90994 6667 27563 96857 32553 56035 10088 49011 61884 87856 4881 53882 26199 81823 27789 61876 78674 17237 14221 59025 82119 18358 32222 46490 81643 7132 91840 62984 53496 5753 50086 70703 50656 43573 12440 84921 53043 2756 59096 84677 32105 95463 82550 87132 54769 66938 93759 43769 96699 44220 48690 54389 8978 10359 15095 94827 79563 9427 86007 64647 50952 60261 57323 48812 60033 50964 98677 54323 71983 75055 17340 41604 94566 82339 13471 48704 68250 84249 89894 3485 67091 33894 52594 5125 72633 84929 43483 93480 68353 10491 38422 36805 74902 19237 91449 41423 94685 34913 85342 53274 35768 51190
787 663 1406 29410 17513 30671 92506 30207 81650 79043 74472 56648 16557 72774 22792 11436 58908 27193 33068 81386 59154 6975 91470 49250 62808 81457 11397 85644 37586 8681 71478 76485 20588 69697 69994 69765 91506 34037 22572 68617 41754 87741 69327 96081 54091 75538 33784 63254 77748 93835 28785 81301 41143 88271 75166 42182 33254 54001 65417 28047 2091 43592 4524 36840 79674 79707 15714 8119 82888 20983 69043 57827 79721 45024 75753 72107 18317 94868 40659 14240 63070 82609 6395 53135 17197 60462 15130 84613 75513 94151 22906 47032 2187 95933 60891 51100 42820 78347 61867 15005 15508 30175 10107 18304 24088 7006 97284 77888 13912 28006 63602 98595 5475 94774 38229 95968 74532 92050 35481 84881 83325 59308 82954 15658 46885 8668 51515 63795 40050 14310 50135 64759 16952 81530 47864 36400 99751 92474 75756 56818 54969 67371 18912 82527 62445 34805 46425 6842 4594 39093 78168 71576 80597 92701 76564 8145 51862 91373 6913 92421 59354 23660 19656 83601 29216 55358 61418 49517 82719 20968 43845 86562 56055 41855 59437 65495 79997 72531 2607 50151 60256 17235 71220 90342 16043 50811 89237 10008 39855 84151 53305 29006 76229 3989 52541 64227 94954 85203 88942 60963 56275 12439 888 27070 22442 25454 29657 45561 91441 11512 39028 64395 12438 10734 84451 47469 88371 58105 76633 2566 8385 95917 99105 8953 52221 58625 20539 45876 86298 9517 33362 3993 28249 42273 75398 23679 59683 63891 92310 71083 38553 25742 66236 24561 2658 92876 89199 31721 73798 38189 1486 31688 40567 40624 30604 43252 60825 24803 1212 88345 83527 46422 71274 18034 44498 4012 20087 64090 32507 13245 46402 54479 41319 64671 10887 6450 95121 29018 67029 89131 17451 40205 13693 60032 41853 60075 52822 30053 39786 75462 85109 82666 68125 12993 68805 2116 76874 89640 25058 93591 47024 25421 18276 58915 48073 56428 62795 33279 23237 49169 38361 62805 75901 5878 92456 68143 72199 44970 6485 34345 64443 86487 27520 89503 3154 53549 88204 23652 43153 16319 48907 14501 3830 49735 79133 35752 69519 14599 23862 54077 14092 71882 72791 50836 5238 66131 13110 80678 30626 31736 12443 99382 33915 48464 44970 45129 59577 9125 83730 59848 44778 95203 41157 96063 92530 56583 48850 22372 17631 75520 55868 14057 69988 74603 50349 13353 75903 55633 3040 23079 74048 2199 75857 30059 41742 29037 82961 43521 11048 94082 29574 152 6913 26264 98190 84581 68659 38744 48239 127 54653 38975 38899 61820 28566 58461 41482 34427 58768 72572 31346 26170 39552 81859 37915 56574 16819 8539 60178 60133 59197 53570 97677 11113 78196 65277 49179 68059 43127 22456 43170 68938 64339 2082 29711 23240 31324 80577 23702 926 24916 49504 27166 82433 65106 91032 65717 90102 70415 85120 8203 73626 84207 65519 34606 13259 36225 14609 48728 77339 56009 90950 76805 98170 59498 7742 64238 37761 57482 46827 73923 18038 43816 39072 25028 75660 38306 82722 97259 63534 2432 69783 32799 29134 67887 24429 48064 34101 40066 83833 50152 96380 71178 79525 76595 61103 68048 26148 53917 60014 98286 70337 6921 11917 27706 91296 21239 59648 30222 92450 540 91336 99599 23081 24517 40940 57185 40667 46690 61964 85446 7014 35309 74208 85917 99874 73076 12429 99498 91390 56336 55188 48329 46127 3539 32585 88925 64890 71410 13195 42128 10069 40693 42400 14941 23340 9568 34447 4678 3474 77660 12676 33970 32967 84137 93820 26738 66840 92596 12013 66397 5522 67854 13074 87809 54752 64035 39055 53681 37967 35685 9141 79223 83307 11010 71088 78122 74239 13115 28993 60352 83785 34619 87754 63895 70856 52895 87176 23826 48390 19485 31456 36834 20279 42467 13821 64138 40327 71949 43904 48738 97299 68941 47069 37528 81019 70260 73087 20848 99761 99930 65573 66808 48742 68947 99428 41325 12491 65698 85906 60777 91783 84314 52511 41162 41184 19202 14650 39026 96277 53969 58648 77063 64396 83655 44658 11812 4796 94141 78028 48543 7642 2024 96930 59267 82505 3570 89728 75596 51421 53920 18609 73397 37957 20990 33970 89995 65238 91628 87108 39048 39288 46837 47648 4712 51748 53452 6081 22455 63425 79220 40152 24275 98911 46272 83522 85415 89728 98841 5625 88387 88600 49230 7654 5331 94797 13468 99234 91435 17879 15659 81988 74238 66398 66396 17348 6074 5652 93898 29084 63906 99301 88357 69135 79471 92669 4247 41390 4207 44948 78317 15577 93141 34799 45788 59638 71694 70877 48876 39093 71894 60321 59185 83175 1533 55380 91845 25404 37397 76775 7888 65359 19158 37070 16784 76388 14311 3385 57582 45844 94207 35158 34325 99088 13294 93489 52784 27629 44983 26428 30531 54843 79770 74888 32937 2534 41997 75837 36171 57346 64519 55054 9109 91192 75213 28313 9688 33899 3670 92932 52863 40217 55014 11264 18162 59102 3903 30574 82714 82420 1097 16351 78228 82860 41375 15813 5504 79208 48827 15151
965 560 9269 41716 99502 3100 49587 84251 14332 28256 99756 81933 42756 55133 24441 43512 36041 69430 92565 5557 46437 55877 87617 85012 76720 1215 53388 18093 98774 70381 44448 87451 7905 82041 4341 44577 46340 80763 12273 13568 70859 79336 2918 72413 41043 86913 42222 37566 31307 97896 23374 51413 91455 67301 4840 15465 29205 21605 62202 55972 33009 59554 39863 33406 80467 59550 10186 23357 5963 65057 40461 49597 49843 92860 1432 40526 18229 57884 41467 65333 19833 70123 77987 36593 81630 21790 87828 16928 43603 83884 55299 41068 36321 81444 16558 60468 54400 32970 42641 15160 20022 65234 4998 91044 30083 33270 82052 91418 92127 39482 33226 39659 64554 74929 58866 41882 33782 26084 95438 96375 56280 62778 64897 39858 1175 27196 66263 98613 82091 88177 91385 38653 12827 80057 66144 80499 10541 79922 54602 47018 18982 98337 90647 80808 94379 57408 9691 40572 634 86992 29600 42878 33986 76313 60557 38232 67185 43227 56841 56830 20485 31422 65857 66851 18524 73084 57746 83267 97854 20306 12517 49861 29973 21289 54473 60025 41709 76829 6214 68408 2943 31975 55318 28378 59112 84316 87564 6135 88491 69757 26983 11218 76774 66380 83416 66489 881 95248 8020 41957 72760 33891 79370 27845 62365 90949 39238 59734 6006 66615 58567 51018 22178 51498 68974 59469 32907 88698 11982 82372 33591 65770 37963 88644 52777 72280 97038 10635 49414 90443 21383 26096 81817 25015 801 40689 82246 33878 65103 22425 23827 53831 18493 10240 60080 31963 29099 39740 44123 86662 65294 6679 19502 21463 24125 4288 19625 81674 47004 61405 52655 69986 218 86290 38856 69553 74039 38320 48721 7939 14132 84506 27691 3848 8110 5967 58744 84115 44294 26571 61954 35634 2734 30950 48035 22621 22067 16640 65566 44097 41230 59781 57467 99078 80698 93048 66939 5538 62035 69518 16439 94238 43940 94144 71653 9897 38084 54454 2855 23387 54971 74245 83414 18266 98954 64109 92832 21232 32689 5294 28128 84370 639 74402 4875 8996 86375 84387 87555 50861 36765 86736 59895 84687 78839 96562 89415 48854 44321 51540 54031 78360 29880 154 56130 14887 66662 88184 18718 51457 82556 66896 85312 5803 29063 99646 2895 96516 19028 20274 78022 6925 56688 13502 91528 72452 90955 38485 82874 6194 7697 2622 75004 97568 45351 7681 55832 93256 69351 93306 87721 36708 74806 13579 22332 7110 75960 25478 93045 15205 52249 98940 53880 17793 94346 23602 68992 18503 55870 85279 45483 34637 42333 66937 95915 13462 67426 51722 56230 99851 50468 28409 26771 90285 99804 18695 28847 5430 77913 4243 941 59243 1849 20232 97200 25701 89284 50029 69734 4186 3120 29309 66650 6235 12733 23514 77594 13504 50 34248 47271 68296 99492 82630 69580 81386 52337 33031 64631 60603 45133 69749 53686 83006 27442 33340 44053 11549 31657 95446 53488 93980 12027 1918 45282 84668 13535 5265 57835 77478 14651 532 24539 38120 82918 22057 24360 56151 77085 50317 27579 3083 87292 85083 6125 40753 7122 52430 55653 85964 2795 75898 14477 49200 1069 10122 21041 14993 97264 21433 8065 85636 913 84004 59502 9631 36170 25492 26773 81348 54426 36917 76420 36799 43113 97212 12318 14309 48246 31005 61078 75615 11177 88117 10180 54439 89417 42407 35346 66258 97450 82439 71285 73745 17228 9758 6647 47117 85871 60622 69489 65324 98466 3461 12568 79357 72065 27698 33488 46852 98236 72618 79799 80012 56695 42574 28675 68355 56288 90799 55869 50443 3948 38260 60779 96289 71979 85892 81466 28797 57130 73008 82382 50395 27814 38026 18880 99546 58877 77988 21503 15369 36367 96613 17378 17076 88122 79915 5472 74868 70150 56302 32878 42382 24864 71712 83087 57962 70157 90303 67788 22968 7280 9055 6692 18059 48582 63369 65723 35188 54013 61198 16472 72663 81894 12374 65513 72631 60992 60752 42053 88148 14595 44389 96908 59435 75475 23197 36101 27256 69366 88398 43367 20482 87417 40925 39225 48866 54008 14039 38621 2188 73960 35305 64925 86675 25968 84979 79416 4950 20175 77191 59252 40163 48469 45490 95290 30528 69936 9601 2541 39502 76674 88520 79660 63934 4124 90477 31255 93970 31215 64192 6527 10057 69376 80159 48504 24590 25001 77119 89244 85599 15304 84498 89544 36682 80857 57411 20482 8294 8315 55839 38947 94100 44188 96988 86147 56883 3845 39068 66136 75181 68949 97916 54494 23065 71876 91212 10402 97968 30402 98844 54593 57930 1065 10849 88563 36722 78368 56059 39770 11683 52186 77305 77517 28591 81142 67013 8969 92265 93787 59801 3619 617 48403 85174 59253 51559 44683 96372 61854 27737 91381 21251 46279 20119 55887 93715 54195 2356 42749 78887 20782 65260 51148 17084 32293 89282 54100 16625 42456 93981 13633 33797 4976 50122 87221 76797 21724 82773 87331 66286 97435 23355 4178 95773 25989 46965 71723 8819 45925 69207 88158 75413 24169 75557 45882 95056 82759 77127 51190 78398 39174 10559 29836 2509 72484 9061 66154 87679 31004 58665 85798 8640 24646 21055 27418 50508 3903 37149 99513 94398 41552 90630 72861 5652 36810 89730 61509 38270 65353 3319 35976 29460 1583 35098 1078 833 82332 90876 77669 50307 25498 2826 53849 40824 69560 83569 22872 51577 19478 26917 2005 91079 52036 39346 69260 55926 49350 26465 32116 91254 61250 74486 20628 20767 13944 53453 64159 39213 17659 56505 13110 84599 83246 35786 74030 7154 47438 46843 66684 95306 91000 48625 45220 19 36679 36574 80410 91557 94351 57667 32348 81551 68023 63535 90262 82001 43345 69020 83637 17860 50193 60525 65272 47374 28792 34923 4340 12436 69201 73588 20933 62737 58961 37906 30276 64627 68014 36687 37675 41346 26879 34238 76415 6204 22164 83003 36726 67749 23973 6980 60786 29721 90109 48014 77611 56505 33022 59352 92471 39163 39205 42014 45864 55204 94544 97059 61082 15806 84892 52696 90621 91652 12076 39953 93944 12470 50167 83897 38022 18894 9887 70762 31302 5075 12159 16808 69685 44232 56960 62705 37266 27588 95283 43837 54318 12219
456 101 7978 50273 35683 84485 6158 67947 34938 8745 49959 25292 30832 17005 80615 32231 98562 26992 69428 56527 33983 41155 38953 97182 58804 34096 49192 50903 7573 29215 54916 30137 6005 31605 42725 73786 84134 84151 97265 15063 38082 55383 18609 619 68363 1526 43903 67674 52117 83082 40441 22818 12865 41729 72149 68508 21205 52870 71068 40132 34188 33047 22556 56242 63106 65715 48754 16795 52402 72984 99725 93253 37183 52896 81915 80752 10445 23630 52597 26804 78962 19471 60888 51880 21599 52013 47190 64289 75925 60844 93745 24129 32978 91504 59445 34535 44732 29999 6219 13544 46090 82079 57231 41032 69422 29968 40926 11760 71552 90555 75587 47935 9302 78166 90396 21030 41705 31605 40261 91926 22614 68959 52194 39278 72282 16584 46037 56974 26267 6531 86842 82915 11106 33016 96018 85763 67696 87260 43103 94633 42265 48390 65975 3350 32009 85409 90842 86882 40890 88362 94287 68633 95144 34930 20407 7698 79950 89261 96238 42831 17847 82205 57797 67555 834 64099 79856 73019 54750 70746 17682 42587 54229 71387 8408 25998 58371 78848 19379 32642 38208 9004 92367 86949 82777 8125 44075 90220 54498 71210 5074 72769 501 42874 22945 80787 87311 7321 60786 22949 12678 13096 76566 83685 92022 45423 72312 18263 83095 11671 13107 2297 36071 51907 69638 70256 62344 43327 75294 82797 62166 30483 30445 90278 95722 62938 27091 22184 68147 4949 61231 88539 39614 45954 38519 26436 4663 94222 58201 52944 36673 43643 93102 75320 59493 52280 79468 68219 90866 52345 57040 65518 99698 5867 53611 82481 92205 52180 16512 69491 63871 59695 71374 58543 31037 6682 76017 76303 25268 61316 96272 26060 55878 64802 5850 92247 33240 6323 64109 78854 35546 1669 22909 91342 49554 58664 29532 71563 23813 73682 30685 43374 67218 31606 36842 64380 80266 16084 38923 59512 6170 66616 5745 30266 18722 2544 20721 16932 64356 22157 13104 86168 40216 32319 12079 19507 34092 66696 29256 27027 3457 2830 25893 31443 41126 90192 84504 18340 76151 27664 69526 46109 84611 6932 29857 25910 99318 58747 55318 87602 23224 37332 50910 31509 22747 8578 27726 32721 29485 47937 57162 23767 60910 20414 84293 71755 48004 91147 67557 67720 69046 41435 56298 12455 36924 61114 11607 46755 20165 75164 86367 68115 98483 81750 55578 9004 1303 85238 35225 87125 46006 75161 11706 79869 79088 82588 32052 62205 73702 18503 96269 20635 20869 77255 76080 97574 14602 8650 91355 59987 13211 63197 39900 30733 27324 70332 99155 51208 26988 82675 989 90163 28944 33334 5292 23533 37223 16550 83903 70968 48484 87735 48266 55857 67287 19039 51310 41588 50924 8679 54211 78164 65605 13445 12901 39267 51553 67083 37575 20808 24318 66202 22405 68270 51137 90354 91981 90161 78256 12195 28261 55734 8123 22491 61740 81444 16733 5130 28271
974 70 8267 82598 53040 65531 52985 33267 53747 26297 99553 25008 51019 52135 90062 75313 12869 83058 89062 74297 17386 87085 92881 43057 87186 7791 10006 22897 26912 19478 18715 91289 39669 25014 17251 80761 71727 93030 25061 72122 37227 88311 11859 82788 74524 14094 3374 29112 30822 4047 88386 69367 71281 90805 54636 11190 54410 97201 26238 3098 10619 47194 57827 10854 17818 84976 56990 48627 30265 97996 43919 8637 79581 66199 38695 19469 91563 60900 17284 54234 23655 876 93055 67882 48348 19610 3496 79984 69494 93654 89 96735 13294 56455 42022 7308 11444 8025 25934 22994 82330 82105 56882 20542 53419 76142 99328 46769 25654 37846 21194 44324 46763 20088 9501 52698 4365 95169 45777 37955 2371 1158 99181 69087 48523 7723 43212 74240 20122 3223 70698 5967 94 79972 29798 65201 1337 16177 3039 88583 36384 89187 98465 34685 67895 11866 97295 99243 77610 74015 20426 98349 67853 56538 70047 6352 94250 50832 32764 52043 28036 88106 56824 30653 57405 17883 70685 6475 34679 70352 86004 53773 14903 64006 26311 52075 34414 2212 22066 72828 84189 77691 61331 35811 29940 41378 86610 77865 7108 71589 47238 91899 98371 99677 54777 69007 85903 42210 88856 44177 7366 62521 27741 11345 19516 9768 74938 11804 32135 17514 12068 31245 22423 74001 12875 39685 29328 20114 41613 51542 57171 81724 87125 7591 22669 98224 87529 77780 86982 69685 99476 34433 28171 96322 83148 38364 94447 62989 24060 67797 12037 34865 8488 86166 2668 43999 6945 87695 83153 91632 25841 70434 28482 14578 65815 55167 96074 50252 50573 47568 71658 53941 71125 38084 73782 22531 86445 73411 58521 21823 45016 86404 87263 20676 31464 9251 39480 35259 69883 89832 71461 57515 49863 63629 89710 43780 64554 20143 82926 64049 21518 34691 99065 30741 47095 76931 47089 16615 1240 34857 173 87557 68287 94699 65940 58816 69967 85824 78973 25382 62284 51870 6272 66091 9523 41943 48830 5091 28079 84297 42798 21877 50988 99103 51977 25314 81670 66899 74119 1271 33839 4668 63498 56883 67529 51678 97710 4291 81348 95839 37882 70250 70716 28872 33438 11875 17967 86803 58093 8718 97090 46413 72557 25391 44445 14616 57230 99448 30073 60824 89936 63461 39752 27778 88579 90496 28732 54837 50925 2185 40229 2486 82512 93734 68291 58054 83101 74759 13544 7311 62284 47752 64047 34826 65077 52675 41981 69513 90082 45697 16997 20689 32512 33583 27163 19586 89998 99921 59507 38436 10370 91965 11252 41722 78156 85900 31316 728 73062 11461 9434 17146 6933 90631 90810 82497 74636 67907 79910 38499 75865 4524 85613 26958 74249 96415 86382 58772 23891 23216 19334 79253 48817 82589 94549 24776 99096 57245 96729 15877 60631 15528 15834 20501 64934 18371 68486 26789 81971 17165 99561 14268 40249 32084 82424 46730 49297 7448 59692 83839 86547 19258 85158 12335 55358 10109 67812 88333 57661 40807 88786 68542 48066 64771 67069 80287 90215 81609 95708 10593 44382 94549 31220 67724 44358 33401 71248 59420 76827 49174 39809 97457 55247 52840 54750 46344 72144 41526 7664 42766 59144 63932 52765 99566 62494 39772 41365 65711 59168 51477 55842 96371 64615 56137 98118 35917 19672 6265 78125 38124 65393 192 85067 72485 55582 15810 26262 47700 66694 92912 28787 79531 52942 54371 78268 43677 10996 80070 74707 97842 14904 84257 9719 10099 76809 75619 24507 16874 96852 63524 2476 48897 35236 42799 88543 56055 65901 86444 32014 78111 48472 13448 79015 22663 26603 16159 30635 37782 88552 32557 28943 57791 43144 94959 23366 4822 20912 72271 94358 57565 45995 17985 20720 64899 21210 94111 47803 50712 23676 76991 46889 36626 60808 57317 10486 78177 76112 36574 9415 53220 13165 68696 76963 9493 34741 18533 16033 9993 50027 26968 24867 37944 1351 81397 87390 60919 20246 5738 47948 41372 41335 43286 66207 77485 20404 18711 47693 7027 34274 14955 82322 13966 98398 77537 80072 73488 1040 28118 51818 58968 62481 18253 26674 27682 82390 10536 97470 30094 95917 14027 34407 46103 35386 4242 95710 41323 85417 8098 72359 66854 32606 31651 42669 86411 94962 95170 88496 7795 74380 91916 8374 60206 36045 658 86421 75601 43402 50282 54481 99574 76576 97896 72259 81078 38889 88836 37580 89184 91769 4167 13930 22547 34924 92158 5952 62177 35278 34782 21273 39658 9039 72275 56419 86803 14712 55009 22325 34656 99652 34387 99668 26789 66754 95263 18064 99681 91920 51131 82459 8808 9062 37080 13109 13085 42602 23929 1825 5948 93703 7383 5869 79978 21905 71485 79852 45496 11607 1308 76703 37071 99444 90411 47225 76101 45604 84893 97228 5091 38791 24297 25803 74900 39824 66495 77607 22187 18269 55218 14954 19386 63295 92571 67307 33323 43198 24281 15613 98016 2531 39586 56796 42412 39564 39437 97701 31237 60433 2452 17144 47907 2976 14745 30010 95130 10205 72740 88224 84866 76624 43679 44445 48940 65834 46945 77007 28971 50986 61566 72936 50395 7000 28596 90639 16405 95723 16524 80882 78768 13719 16809 42662 34580 32204 979 19909 85826 63186 45363 18091 86303 7244 78254 85684 73232 93198 39733 15572 17231 32169 58558 82492 72460 64506 31620 29961 46058 12114 88262 93861 80541 43068 78043 92943 28698 18533 5825 75260 43779 21307 15833 2557 3202 50739 52261 69887 42226 28071 19305 20256 22171 31468 21800 10175 39287 56369 96716 6095 26774 38023 86228 57905 27678 69282 27974 70533 4364 62576 37625 81099 61478 80712 98699 27473 73540 99894 79556 88880 65664 96072 24383 91304 5053 28522 6115 74451 15415 88201 83522 39204 8473 35868 14821 4388 82739 92971 24929 38813 43535 92945 26092 23558 44822 74279 78876 24501 13692 30868 94697 90139 8400 57505 46053 57736 36156 60273 10410 66511 2467 54735 38263 8612 80025 99971 96573 39819 69662 11066 41056 97430 15407 99989 8559 91652 93080 52930 5232 58343 39348 5465 14620 94418 95110 66098 29462 18036 67479 3504 63173 5721 38198 66912 84668 73406 84876 94106 6677 95028 27697 24725 66769 65316 3463 25908 88564 773 93138 97132
298 116 983 29051 10905 12015 38406 76864 71648 60923 59619 7612 33048 84087 83877 5700 1381 89566 64332 70038 6406 75805 90311 25838 29609 18854 59650 9909 54457 66145 873 91841 14337 21153 77474 45681 46117 29767 44654 92039 18763 1979 46041 55702 72589 32722 63691 30385 707 93448 82485 54186 28706 58175 86970 65770 17873 77605 93477 57894 25606 95284 52177 41115 23616 28949 62647 25586 62298 20728 37424 39383 59248 18294 72952 22006 47166 11395 42235 5839 92558 37929 36644 37206 74361 90419 81580 26329 57487 12700 94116 4619 16670 81834 2103 78080 28897 1192 48586 3194 69086 36584 69523 81249 11050 48803 96789 9464 26268 77027 40697 50336 14095 53451 7037 79199 93315 13220 19521 75155 38432 67669 20678 17029 48256 58267 45536 87166 51640 87804 18594 37232 14695 32865 64458 2919 16813 12734 84710 96186 59460 90933 82171 40028 97997 73604 25977 41070 73290 3563 33046 99976 42931 12256 35468 24621 23227 5725 95524 38463 43130 69416 43147 70592 10047 99121 29351 91579 67535 24505 58981 16349 52724 64505 4044 76960 65585 55716 92614 92642 29149 19528 72038 79111 81716 50199 60868 37898 16910 95692 38978 20701 14840 12860 62221 12253 30463 48920 29089 19874 57012 14513 7452 49489 66852 33340 92269 77394 35121 6216 42403 69730 27646 95548 21803 10628 2635 9589 58924 42521 40194 11069 75406 9157 99843 90273 31237 1492 86694 20383 80857 33758 66721 6828 75581 48922 97728 4607 96819 98624 48327 25474 43846 27758 50833 21593 49930 31003 4675 19357 47433 28951 74397 17153 30326 25605 51329 29854 15575 29775 46301 58115 93164 67930 16468 34169 8323 74796 17984 39743 92013 39472 84599 19044 72228 71265 88871 99677 78939 4232 87058 93059 53979 68015 65892 52388 42016 81096 10183 12232 39043 26148 79321 21605 50734 81210 33543 67418 34950 29121 58579
599 515 4206 56828 1279 55148 53738 78642 86251 91776 32511 9975 83998 96532 96520 7398 26603 64126 55830 40051 56215 47576 24500 45270 62047 57107 87916 46660 71111 47234 4762 12708 42519 49214 27557 72945 29956 63144 29130 88577 99494 95755 45897 42732 46223 94562 44903 59804 17931 96302 39110 73125 62037 72961 47687 53895 20624 95103 27817 75741 79143 19778 63602 29219 74686 49228 49309 84311 11585 1723 44576 68081 44098 19530 34955 40468 69773 26274 95751 40219 62169 75864 9302 51069 13284 9152 49268 67035 53163 74000 16457 67198 89563 12427 74229 20185 43673 70644 12607 32636 51985 92367 20987 82694 59546 77823 9935 14070 25255 63188 48142 15056 62339 85744 91161 65882 96427 94339 82096 55687 2297 4915 45213 95925 18864 98229 3730 75666 24932 31718 87041 92880 38022 3870 48705 67837 29502 44772 75265 2621 91986 71666 9708 49538 79354 64351 92592 85132 92821 6751 1804 25183 68738 56891 33278 47355 17181 58982 58511 85160 79419 91195 91088 9783 7676 30384 73537 67831 800 42185 44710 10300 66136 53680 96356 99814 31002 78089 9629 9581 20923 78900 23870 13042 76569 81193 93913 40827 14385 24711 94479 48999 43639 92420 92787 89838 69923 12655 14067 3414 3652 76699 60480 89680 17297 69408 48422 16838 86024 33476 89966 68162 43798 55446 63369 71666 23748 87560 55959 27125 55252 81381 1185 91195 24549 83181 71378 84334 95405 43949 8608 47380 91638 59031 26531 10090 94399 74244 42467 85884 35283 56567 58483 17141 29589 38900 86332 15084 40939 75285 22485 71977 63380 29829 98365 56322 89403 47915 73120 83365 97908 74610 94065 93271 9513 79094 98325 13469 83291 23799 82365 59994 29139 77235 95206 87179 16772 62805 31521 90191 59699 34766 20514 95369 34865 3604 49899 63384 20216 63377 62128 74280 43423 97120 30354 95148 10814 65219 21967 23648 24091 52131 19966 1786 2136 77521 55973 99689 64211 35422 65393 12945 8106 27378 16214 39532 76550 3144 69886 45214 46969 38009 83632 26291 85097 61792 6695 85603 99543 82771 90378 30150 93381 15536 45847 21805 87802 82653 7270 78974 25357 64086 54661 53394 87549 58204 55355 32077 57360 19948 5524 77379 33379 49449 73061 86636 36380 38513 2382 61193 59697 6400 25336 1008 70414 63987 56606 1947 62427 26722 28479 55231 40110 73177 16026 87104 88060 4286 21317 48410 17695 39360 44536 2873 12590 96521 95676 221 70076 55824 42076 36355 63702 20840 20612 33545 42764 91280 51664 31963 37119 44259 98002 6424 50329 33419 90583 63590 61501 36736 1591 48520 71193 46830 12189 5367 59458 99838 39309 74236 27591 61599 411 50399 18553 16078 70985 66034 15723 17377 72251 33804 72729 84789 60646 57882 71816 67303 42144 51275 93064 20410 50123 64141 31790 23489 97873 1304 87005 6609 40731 32837 78869 95499 36276 15093 7862 89781 9707 37789 96863 25080 95760 22154 59527 66980 29202 29882 85196 38144 35518 65444 94834 91286 41182 39516 82079 56772 19860 43284 69837 85443 97179 79861 54211 80973 9330 17462 3380 71417 85139 43961 55439 7985 43174 69688 25534 45803 42382 42697 75206 23117 24255 9830 74586 17293 1514 21133 23669 7164 62920 65674 58212 44996 18125 75508 25948 32344 8029 8575 13425 94135 42417 37467 21739 90938 16284 45450 14111 25620 1076 76377 5802 7036 85700 38331 55398 56820 48135 69954 12432 72783 2280 57260 275 76821 61999 94610 63859 41131 78569 24031 23353 77011 5318 97045 84616 38034 75791 38011 26405 51847 30046 21007 22486 60518 63397 32530 95078 17867 93106 30466 84797 81008 9938 96380 70842 21124 31010 49904 19314 40995 24231 10924 91604 85300 70381 27209 21261 90850 66790 76520 5209 85454 29361 64871 49733 78319 34080 99792 88698 62421
852 253 8804 6590 89503 30726 55480 84812 42450 61835 78155 29075 26334 68796 25557 61032 36533 74966 76069 78857 59904 82035 23098 95252 78347 35013 4379 12110 21072 18627 9835 30301 27416 34428 3101 16605 84397 35793 72809 88598 14729 74114 3459 73053 62294 71796 18652 33267 47723 3619 72187 93882 44391 11154 25469 48037 18482 50214 55371 79496 50031 31304 27579 70389 98888 83233 84716 77674 41515 30260 51169 70795 28877 8569 34637 98187 48519 30537 59158 64032 32437 12611 15807 31777 23954 49572 34353 62079 80319 57189 27659 54547 44551 6912 40780 41011 3053 97722 78155 83861 62400 94155 79997 2340 49616 48961 82523 28275 63694 98242 99487 23974 69057 46007 91138 70957 11997 30596 79670 18383 13840 11349 29585 30366 67036 27071 66333 74828 60586 5997 23133 47743 53725 286 20138 54047 73774 69529 56261 55544 72921 95091 81492 48396 26805 69240 25662 2231 34917 24375 10098 62971 73702 65904 72923 69504 46035 39275 27614 62089 90591 32544 69148 61610 13680 6159 12009 42489 89795 41722 56212 96052 26898 51292 50687 53859 68873 14237 40898 89353 99082 38900 60412 64714 76172 39452 13019 19503 97214 13641 3023 36768 14230 65224 67288 31017 62146 54111 24780 772 75455 57935 99699 81672 72645 69775 75562 54065 49291 81531 2766 63568 91760 85453 36381 13369 17725 47063 81357 33099 59011 62092 54897 88091 7992 68513 55157 12563 51306 59637 25964 85364 1634 33884 43085 96285 75761 36954 79633 85587 78374 70855 33230 74881 25825 88265 94297 70031 59172 35118 77015 93000 8160 84614 23160 82642 71295 92525 62249 89383 63520 49560 36599 46299 54603 91159 63400 26542 77131 6071 95753 96675 2993 46033 93335 69918 10065 48220 74552 91631 95754 17436 64850 77670 25508 95386 98976 33874 8690 33135 1996 69673 82907 26743 37535 17308 37656 64279 37901 562 64802 50845 66340 64689 44234 12603 14220 85430 55581 49104 6960 18940 26094 58943 98944 2743 72777 90758 22145 16282 75802 47403 22292 73979 30517 9268 49484 24103 34977 20892 21623 71690 33500 58811 42974 33340 82710 39632 2291 23500 24909 7377 93955 36124 26912 44154 75277 78292 3953 51857 47144 47923 29441 65845 71620 15176 42442 2410 14096 27551 92897 7322 7780 62124 71950 20242 15181 95230 2163 11077 40315 44481 56433 93332 74981 79118 67854 13867 42203 43752 66328 48785 6253 23317 69025 7830 66862 91722 33686 12806 25202 36717 31409 47843 64702 64033 47148 93781 60790 63981 19541 81694 70239 94453 75394 39080 83558 741 74673 79206 59230 95067 16083 8603 23656 76847 2596 60813 3467 89639 87714 37249 41210 21281 73887 27149 36706 84549 88165 53255 4823 98718 9695 11264 88069 4937 23083 60660 42670 41877 84308 32394 18713 38011 3611 16979 22687 48661 15927 59181 70960 31549 80107 41215 98969 46480 16706 22616 87000 31581 47294 10958 54218 97235 54866 85047 37019 71655 34143 1165 39136 61854 41578 71454 97301 40980 59832 82413 87704 56197 17966 26046 86205 12198 83279 85703 6147 832 34942 58839 14675 9957 77641 80829 74268 43061 57514 72395 23062 91366 54957 60084 31190 79519 64292 12760 14861 28922 7847 22158 66369 88986 57286 63154 92150 43324 9917 99685 50855 86115 52864 19571 38469 25739 92312 27057 6328 62698 40397 69433 5179 16486 69614 51374 88384 96074 7973 9814 69552 61383 98434 12902 44214 1232 30020 52483 79164 97470 44921 50255 85441 52950 51570 48243 7671 18366 6361 85490 47007 14967 93542 11798 44996 40882 312 20898 64184 90594 63053 52255 18806 40740 85155 61660 36724 9435 14161 82268 78164 28282 35307 22740 85127 41441 2691 24569 67624 64039 41220 55295 9759 75398 70019 68610 25050 16508 98166 8445 76969 25279 99536 91126 34677 89704 40446 18801 1819 91958 90011 21536 47842 88405 94243 91891 98998 89803 49211 54017 52871 81754 22394 13004 44978 55072 21678 10093 35926 56082 91664 35830 11504 94098 99684 10416 92917 34456 92817 62086 73726 46403 57075 87997 34896 47173 23932 97733 14775 13440 58122 28475 60964 85584 54094 79491 11714 48358 75803 37196 85260 70689 10676 5648 89027 89729 18674 39683 12866 70172 37195 50792 80705 45610 22481 37060 41745 59490 16179 1891 31486 16509 11071 66915 14743 98506 70407 7632 38055 64191 21813 64660 42961 73502 24303 27680 66556 29920 60895 91129 76861 34570 38993 99976 19091 44995 33706 14914 19701 40121 29323 56948 94108 51968 76407 75390 14636 27792 55501 96640 56141 26996 17683 16618 13174 80725 65697 63415 19223 63808 13101 60257 48179 7203 4889 40773 71278 64182 78704 18860 25307 86680 48534 94582 50914 34014 88439 18176 94810 89290 39717 47858 31127 21997 161 99051 22889 63319 28876 84547 67241 88461 57554 52561 7391 92605 28053 99672 60228 24305 66316 97623 81583 21600 24003 37645 33983 31201 14659 707 89266 36083 2262 75142 13505 52997 7489 80610 54956 51839 46048 97672 47410 18426 89476 83275 55539 76026 45607 60997 77921 40905 11729 9956 99660 35818 77239 50509 59383 97191 42512 12528 31803 87562 5235 77114 28318 5840 72090 35542 16991 75360 65045 72636 32828 14143 40733 43979 42435 90142 12101 31975 52152 12083 76192 19288 14140 1817 88069 81225 23668 44196 15006 83328 69856 41186 61312 99677 49658 69330 31886 54391 84126 56999 49567 16151 14235
639 61 6348 82408 15393 25612 15289 64084 71266 87313 85077 54960 30167 9083 32218 48224 3015 62451 24507 69671 76019 14026 14927 50493 48191 48458 67766 10490 7769 51111 94174 86436 30389 37046 21622 11946 23811 96439 16819 72690 42197 25930 8529 81981 97256 72812 67059 48254 78037 80810 5750 11993 77840 56103 58149 56363 69360 66502 11804 55299 39991 12760 95370 6638 13361 24550 65899 98831 41225 60392 40307 50440 48272 26747 73903 36285 60382 33983 79692 53942 88237 10290 35866 52172 2624 41495 65272 5708 40941 5248 43568 30800 30383 91786 78659 76240 5955 14392 66882 5509 1386 38501 11657 90162 44481 78382 4198 33686 53628 73172 21659 87386 83160 64794 15154 84728 64816 21591 34597 6765 58808 43750 11048 55623 61619 34430 38777 31634 28900 54381 7502 96193 98493 98686 40981 31260 82955 37453 55284 64564 17572 66672 41396 21012 83441 26735 5463 88638 8510 47242 96547 13759 48259 66141 25666 20215 3987 2312 81479 60124 32527 63252 18809 86306 57070 85067 34809 15156 81238 87144 96363 7580 37194 89324 62848 61015 16819 20576 21477 24103 2531 36676 19085 75888 89754 6332 92834 93787 9369 10162 62897 79472 53238 32520 18101 14041 4164 69519 66024 32908 74427 60396 11110 32497 6138 30183 20435 4357 19811 78512 30393 3924 4873 81442 498 3779 69211 37536 88559 1661 86242 82671 47685 20891 4840 13282 94282 49315 82030 13519 84213 16098 73462 3532 21449 62742 24539 89523 45884 2539 72405 91301 90289 89982 72780 19758 67897 16566 59131 20737 89113 95907 7426 50533 9064 31482 82347 86598 1418 71217 71196 41927 69016 77001 60127 31773 66425 3165 18706 6715 89210 69157 30484 43852 71299 15500 52807 43646 87305 85016 74618 53920 45197 23657 63172 30431 87616 58374 18372 91773 66237 66933 36414 27271 11142 35199 70131 97893 54476 28567 50863 29832 13025 2238 40169 53186 96836 92204 21579 67215 59295 6354 14844 93309 38842 9369 68104 73900 69946 30890 45976 30221 14518 2704 5497 53669 50633 85899 66801 25940 31761 62026 57121 17852 68937 29484 97620 97862 33029 25445 97097 92971 6977 48801 18693 88521 12566 81638 26863 26338 69924 79191 52960 6432 23179 26857 93451 94493 60266 12532 25052 52355 95810 42729 95019 39049 28910 53269 64786 79818 58994 12623 14218 4922 41316 85081 67984 23291 96521 52321 71515 20562 27781 15315 51328 77934 62779 33769 83053 59033 38842 56016 15274 46328 27696 22463 82307 98085 17063 52974 85800 99411 40205 19755 72296 8456 41991 82022 76473 94650 77307 75407 87330 1876 77565 68925 66830 72418 60945 39427 15800 42321 29672 62007 3625 14486 10055 3950 64457 61030 23391 60290 41331 48022 13828 7283 68192 64769 50416 51453 97308 76928 76582 80237 46838 68164 51158 6849 61942 37841 50518 98023 39942 63543 76095 94840 41844 99204 60691 63772 37047 46355 60075 94747 31738 20948 88168 56304 98380 18225 26242 98136 62421 29023 21105 92950 17791 8171 41441 31222 90030 64751 58598 37156 82936 26351 18967 49621 90807 44412 71564 34288 69554 25042 91987 10508 31572 52855 59624 50070 45915 2184 16944 20258 72542 4384 3664 67423 72510 34761 47174 64273 71308 41930 52364 34845 72678 64509 29237 8740 68252 82850 20761 86399 39227 29786 2770 86717 8557 47628 6571 586 19883 35786 99385 74277 26948 89914 98401 18252 36178 47725 15240 84752 69266 13061 64458 49036 52432 62788 17919 18806 73281 97953 75117 75922 49057 84013 13182 84326 21676 77102 93276 55943 43585 94712 84996 598 40286 16608 58360 75407 4461 73868 88438 90755 69416 41212 39691 58622 81898 10932 50782 75263 45471 11832 12675 70397 91553 39665 30415 22161 70600 45609 47351 44283 70860 85247 87806 79579 12598 92758 31706 48538 25777 82138 74742 49783 10296 23486 52527 39722 23442 1770 85588 78624 20911 61928 31423 10599 8330 72025 56495 88288 52981 37450 93238 34187 76766 54517 65995 33158 46536 9426 81958 54773 45581 54077 3371 27127 66030 10195
369 17 5894 18107 68301 50016 14393 78428 34955 17597 55036 81029 95175 42410 67576 50597 86902 52660 16976 71830 5044 55676 99962 43958 60895 8127 98406 75702 50749 96281 40110 99960 38047 23761 4345 20765 11369 81340 84109 37010 78463 81796 21179 28070 20916 27983 32874 86053 53499 52371 85448 68820 95674 13201 43360 30188 91571 49331 42697 35066 66457 24521 94874 12667 62579 43649 43787 11772 96053 73903 32227 69131 14806 66400 28949 93521 21449 39939 3596 75353 21775 87639 5054 32687 41020 29240 88443 15087 73870 76040 45089 1307 43147 58962 94880 14218 70016 69068 27075 59373 15874 14491 6916 99372 89571 41770 79079 71511 71992 4162 42884 77182 43453 90217 20760 66192 46718 10471 73628 6145 44746 3924 41213 31227 95299 79159 6191 52643 17963 72717 40553 48371 28824 50276 9711 7008 67299 4851 46548 80031 42812 20009 11597 79932 53195 48406 92867 91182 73714 59837 29355 31253 78883 75235 59471 99319 71559 61321 53928 23045 46418 41776 62637 96742 30038 97910 60135 29332 46620 55485 82202 66285 30417 50811 19101 19380 2651 44498 46771 20885 52600 75080 3571 95789 42624 72758 64441 65617 19626 48904 85080 67995 65106 95649 23065 61790 81774 5869 58324 49696 32040 93123 17800 3410 53327 49049 62371 54122 83079 87059 57871 27036 76775 44786 46714 99271 15161 6297 52837 10710 52316 45179 86502 3723 37837 15775 73137 38384 641 12084 52519 7609 15750 20701 18034 93896 57008 2478 68402 44158 74505 54826 4445 44999 5989 88113 34857 38066 95862 33359 91805 87383 16211 83491 43700 89177 31261 13947 23724 87945 15664 46777 89947 92784 33696 89939 36462 29762 2598 43978 4024 37317 45713 93990 94299 43932 94577 15500 46066 73835 42375 51341 90085 79703 35732 22583 33332 36149 41335 81503 56027 19920 23394 73665 815 77122 73649 98354 10870 67629 50953 52440 12699 1968 55877 94241 795 77646 44324 59857 59430 29030 75312 34123 53747 10181 32705 89832 90253 33448 50795 95131 53854 12883 77111 13161 64385 61705 94721 15543 86003 64995 54313 71483 45772 32836 50725 67740 8142 32518 17172 1338 66780 97221 32719 11810 18820 38788 49269 16224 58441 49677 8428 33355 85764 1677 13397 58403 47575 2149 61246 93601 91567 24775 48623 27442 11557 89807 2928 77709 42323 52836
386 344 298 4211 49538 87673 3089 55432 10086 45728 68367 92467 76281 13295 69901 48194 62218 80139 67597 84052 91880 96304 2463 85607 59817 89237 58155 24432 29470 55998 23403 46476 58882 51530 88349 63952 18504 4629 62869 69055 70019 58038 10284 59009 61877 64638 45923 80685 87778 33176 37021 19775 91466 77992 69137 97783 47281 42196 27708 21442 94690 65281 30862 35983 13329 19259 61777 76387 44534 7336 93083 24230 36256 61340 91101 14419 73228 12234 73763 77089 29501 21590 32132 47759 94703 97971 21281 39145 58784 46732 93577 43300 21771 9637 56043 58716 45673 30687 85171 45513 63651 95718 76927 76938 33607 57914 88093 63069 46607 79419 24008 94151 79168 63063 54645 44479 9780 303 48815 42348 40419 59863 56859 50986 68742 41896 19190 86057 39342 63454 72533 686 57840 69125 98145 62218 38648 25261 4847 72523 10284 14901 15255 11676 27066 55082 55635 29162 87231 86499 79677 60616 4677 65644 53573 68039 76948 1971 63698 6665 36970 60928 98550 42984 27272 30692 47270 1350 22141 98924 48485 80077 64071 61548 12741 41231 75691 12632 3983 31292 74544 77168 50267 13184 72645 34344 76843 57750 84840 98502 5743 44480 50885 95070 57451 98825 49148 64539 51813 58003 55144 7180 29702 62581 32380 1840 35269 21493 71469 91964 42846 27748 9014 44200 29614 68023 45458 67268 88936 19545 49806 62064 10813 89031 34940 70102 10665 15893 66444 59646 26849 22713 51647 96092 7880 94450 59919 19219 94662 84035 82273 58563 33989 22601 6938 80259 58052 92910 26728 62795 4483 54181 27149 76458 75490 24225 63431 84395 82150 67820 57007 9747 38561 58218 64256 54735 81006 38231 35899 90413 6783 46748 36603 6071 42901 3577 89199 6882 24234 38629 95179 60977 54020 39084 50772 89210 74173 2687 91285 19093 20404 86492 29200 43509 69544 33202 92684 20158 55297 94014 92754 8574 9123 97673 64408 1411 98258 36856 27106 54309 73328 79716 40812 5955 28415 39337 81989 66356 88968 31916 41240 36172 34458 7341 70255 87472 98341 13586 5040 20355 48405 17269 92988 74924 26908 75283 40670 1902 3043 3607 29171 49455 8305 24379 90199 65433 27437 93508 76515 98916 56195 30394 37379 91703 68144 19792 72712 12326 17402 31518 96671 76147 13865 12533 54373 68916 68516 53277 15084 87235 24566 4109 64022 59562 41543 5191 74438 78044 18481 95132 81454 45801 85873 13386 37509 36077 99035 39954 77280
467 201 1836 70248 38485 21081 26073 91245 82784 28334 40689 70696 68132 57208 84255 7500 53270 40100 92636 89540 32722 18420 7648 51861 75375 70293 39127 83613 6513 6709 7144 97144 75087 86534 23514 19801 13269 47251 46319 9576 93115 75361 59367 16726 67848 68731 34710 76663 6142 61658 37812 96921 67905 69786 46291 9216 63771 99530 28155 82194 46020 10113 70962 315 15643 30587 69669 64057 60140 28262 41043 37687 25695 43141 23176 36653 91640 39461 23650 8030 59696 47853 30880 99636 22131 97199 54888 27879 66980 47539 38370 24045 61803 17708 59088 90559 2737 99625 84603 71656 45771 77491 79916 72128 21716 24574 54323 41118 11537 79249 30279 75539 37586 75818 39693 47756 36484 63785 91674 1352 32743 12165 99724 79343 69768 60300 68379 53586 76645 63378 99402 30147 74309 59357 24629 60898 58295 54020 5217 90818 86141 40753 75293 31555 45772 44889 79766 91755 54185 12021 14037 62988 11136 16959 97766 58646 37659 22948 85216 48101 70444 78694 74531 82076 98172 23700 84730 1629 18305 6260 86833 90249 77756 21426 7809 1533 39741 45883 36044 87451 76947 79751 78503 22661 5761 17700 7275 21201 49975 42856 7336 60033 66359 99380 83105 1600 78022 43842 15394 80158 90751 3276 92993 65557 44999 12307 33749 70261 11868 29819 822 72410 285 56819 45186 61571 37462 24475 15008 84390 23992 2843 2409 12109 28463 19201 68969 32202 80059 36621 22400 57898 2058 11177 65785 49172 55140 81953 32484 32981 45471 48406 91295 24532 46110 10183 56808 98144 94762 95323 9562 69843 84531 44419 69049 14940 61255 41171 22420 10824 51185 65572 50322 11233 85114 13321 40952 86833 53060 48626 14206 26784 19790 74132 62984 46263 26398 97761 14081 84339 85764 40952 55342 54560 16997 15240 79368 61637 61798 9885 7904 97974 21141 98668 34868 34731 84022 15442 89186 51282 24762 44320 21132 31032 71786 65825 28447 14198 92678 55569 55145 19028 22398 13369 21728 50739 45678 89233 52708 68791 30876 94393 55408 1094 13913 56598 521 50284 99275 11077 63549 34956 47240 99398 12748 87271 23657 77008 21436 25600 55347 18477 47543 10160 56234 3397 61230 19115 53830 16701 53317 79169 57684 24697 69763 83310 29262 92658 39072 88368 88209 3692 56985 78325 14849 23527 65878 48379 24431 27790 95194 63972 39174 98336 52903 49905 53830 23545 93140 49477 24486 37838 51675 78306 76909 54592 25877 16440 76371 35172 47210 3222 44473 94800 10130 97566 72934 80907 99832 98291 63444 79250 89694 23205 8700 74065 74162 13723 29732 5284 24821 18957 31724 91339 67401 67035 23808 98371 81111 72668 14334 26883 9288 68279 95810 50984 7367 50790 90651 57774 94027 74505 19378 27960 9375 56810 8367 83688 59524 10758 66631 11123 95798 96517 45557 46247 43779 29495 15383 98893 87213 74940 79498 65577 97876 28735 56112 63531 84471 27482 75321 24072 25587 77327 33989 70422 15298 76762 28722 95180
268 255 6329 28390 57150 35143 27782 49363 52432 35799 81491 70725 41817 5349 18190 5886 88714 480 42163 94463 57599 90127 14667 13189 22112 76915 30482 59967 33379 99250 22654 91824 90978 13680 7294 42109 43023 55397 71110 64448 13534 52515 70417 43298 59032 81527 99930 50277 62108 66564 69997 96785 52736 49026 69935 13199 29855 34959 64726 72218 10736 33080 5422 9971 68133 44311 79605 85929 13748 82377 54591 32098 34541 88712 57488 24904 86437 51661 14605 35870 16 5257 13292 683 44874 60611 38312 73197 32801 30809 75568 39363 4773 14101 34891 25082 56134 20383 85990 62497 16065 21897 35768 95634 13212 23417 19025 24662 14304 83358 99187 77180 58731 74398 49702 41439 89658 64332 12071 53862 27793 16151 83220 56080 28788 73827 51921 8069 55921 35754 40394 62218 1229 64839 73847 63141 40218 70431 79604 83209 27003 68343 48485 67776 60558 91033 96102 40770 33326 36875 87238 32987 4291 26743 65102 46072 54241 49069 73597 11185 46359 81104 10717 17958 87192 1377 32642 47391 29430 40960 14204 33439 27239 51399 96468 45538 29366 81648 715 81617 82345 99599 78074 69337 68653 21832 85006 4459 86297 13756 35588 52727 87980 18029 16098 61795 28801 47427 81271 41327 50353 17203 83062 99583 59100 88993 73459 82122 94804 34972 4525 64163 66895 77714 43940 5762 24826 46175 84733 85429 15087 97784 20298 43870 77686 52126 59906 18971 57331 1305 62059 59470 8545 95374 89519 73540 6983 29802 2023 39999 49968 54860 13887 47052 83105 30189 74364 77756 93229 37560 31388 34744 9046 84100 32333 82747 86462 19272 98864 83169 76388 85153 16042 23184 33189 95179 26733 65868 16590 99330 27492
63 58 5384 928 79543 64961 42259 85039 23053 54460 51914 49348 41540 95474 94056 43580 60309 54564 32927 47792 13175 85073 55956 59390 67130 77584 9211 92954 70554 46768 73393 23737 61088 91931 77955 61674 42647 11133 8922 20671 66562 82596 7516 46531 25786 1002 11572 40411 94098 19590 9010 74403 65061 26129 11377 30794 32183 27013 21621 46291 70064 74371 40536 53726 9502 39860
506 11 4529 71542 75081 36921 88812 66105 61048 31037 72575 56094 82380 49566 87223 89287 48383 20174 68531 88500 45159 27769 37841 87123 49642 71462 84864 18735 20180 62145 13233 92284 18163 95860 5060 82918 24423 43631 18923 56284 53979 49614 34279 32419 35473 9382 73592 21442 26257 88654 1065 45954 15466 52616 67652 33571 4669 59431 66631 66051 46596 93228 21039 17955 11939 49914 45323 64300 28335 82040 80205 53822 81821 11132 22112 98329 16697 6423 70820 47176 13885 78508 80481 45200 48596 88182 93616 30468 15799 51731 59266 69227 72175 68778 68636 89708 15384 15590 78999 61933 77528 21806 44517 32245 64604 68877 56902 84009 747 70374 55489 71288 68089 31261 8384 7640 67142 69669 34005 58586 65826 91995 82901 35328 20829 14234 70289 55866 61770 84934 91572 53582 98152 36692 25598 58465 3737 41955 54850 31612 26461 70561 75314 62894 29174 7169 89891 4186 49388 77215 71874 30326 69139 90231 10141 17041 55982 9669 3349 87863 33047 97355 59379 83279 81078 5034 52211 96847 60465 32851 86990 47024 60306 56525 85718 8947 88864 66188 14651 67230 93336 99171 48929 51576 12103 49528 68748 93149 40664 81443 91458 17579 51766 7788 68377 34039 8355 5412 38859 79448 30818 80634 94896 87199 54756 88658 8421 24497 92497 56609 95727 4797 82618 93927 5623 26381 91851 28911 83157 50913 51746 17046 27548 33763 99910 40334 57358 37735 22045 84993 482 64422 34087 35184 4019 77746 75224 49858 89125 87787 25608 46076 25190 91431 51731 53582 82870 5038 620 33611 89083 59810 49282 21502 6478 48963 6736 88663 71794 14433 46917 41746 85968 3222 20099 35931 68250 49011 79890 92120 46641 93598 45707 19673 20321 38457 10190 85595 30210 29123 94965 43124 49318 4841 99859 91301 52296 36662 93675 15607 7213 98552 55514 72051 21049 65004 96384 83832 87022 49061 71127 91580 22456 68924 42545 53362 76934 97736 89629 93057 53671 68536 32332 60075 54541 64406 84995 42142 41726 61973 25510 59073 25173 93450 47911 46026 72 30338 6930 96533 48669 37060 30482 58516 24033 24733 4522 51367 86478 41477 12327 65832 96871 10110 57661 57775 45824 29793 21322 92041 43919 68283 85277 46275 21929 78009 33784 10310 77181 88489 58655 34984 50731 27095 46891 4837 13074 99501 56145 84480 39767 60608 97173 91280 84279 74448 37288 29766 15529 12051 9469 85813 30626 97108 14891 51968 21685 15799 26154 94488 11301 70791 39307 31622 39232 94331 51380 97886 86708 83915 74569 55355 11011 83192 355 80515 98401 34354 73263 49324 47593 33289 54801 57136 34399 65505 32948 62690 65170 33471 5717 3900 95492 9754 45276 52781 29512 71716 17170 96895 23614 16492 12887 10944 87521 80173 14905 94801 22360 81817 25053 2049 51630 15171 45236 37706 27749 37305 37422 91566 61282 38665 44862 21134 94374 42927 48555 96727 15575 48724 31268 79165 91714 99165 32388 25958 64437 14159 18117 94409 90532 67307 97153 97703 89430 67201 57781 75961 24443 32871 7336 79740 66194 46390 77466 29874 987 96045 33407 65760 48698 59059 37196 6311 22714 80552 22037 27262 99324 30079 22977 39030 74229 58129 42653 92920 11964 28953 44559
636 242 3405 57089 26718 59373 20734 4267 55852 63422 85779 65744 63751 15358 10372 54816 38683 34850 7729 70801 2622 60679 3685 28479 98973 36539 53701 89544 60862 82656 11979 61998 90356 28339 74978 56018 4756 15244 88004 61424 79094 13321 42085 16549 47325 79015 47960 77661 22633 16844 75030 65705 93859 97107 68319 72225 90254 13185 1773 17699 24382 92961 36730 21883 44688 21931 86085 68471 27125 37150 411 40827 93979 97310 83542 13051 45681 91175 34926 13628 31700 58022 42759 69388 2684 70325 1982 96753 7017 28089 25784 46936 50564 80636 16777 20230 47499 85824 30380 57964 75818 49112 3106 66966 23273 41945 65731 91874 59307 30423 62487 67396 19506 57781 98147 44540 23559 90942 85040 69023 29898 81411 18479 48331 8757 26507 51830 20501 40598 8066 34353 68116 2494 80480 10474 83861 96913 34686 11385 47454 17175 42871 33719 36599 30363 18598 1686 4747 46144 20278 61771 50808 6025 5781 1137 38872 7176 70799 31813 37189 50423 84872 91271 59266 41052 68246 63706 3240 25295 21161 23237 39879 36384 94955 4534 43064 86124 39533 80580 76411 49618 20368 61089 67632 55741 77947 62538 41074 97773 54757 33580 22963 94304 28915 41265 12350 73086 61572 99375 74055 50649 81249 74701 32276 43306 61129 85032 37802 75210 6866 16829 54390 81681 25090 9368 22819 31127 71693 67485 86953 36143 15164 35588 88099 37375 730 84934 73083 36866 79796 33703 21411 61184 41337 16893 89660 2001 81866 26028 3521 70186 84103 18573 85706 82968 15489 767 99244 84199 65913 72542 89214 15581 7066 86358 30761 51842 23599 28801 87448 93862 3322 7338 3601 88911 11007 50873 93981 3290 19753 67982 80239 29321 61502 31643 5856 46632 61695 641 72699 94739 38271 19295 79670 16109 58537 12633 2869 12494 50216 84232 49686 92659 46981 89011 71368 10099 70956 69495 43472 45880 45061 41199 17282 88837 28881 32843 30088 6265 18775 26331 23946 90827 45744 67667 93527 93488 3347 2858 61249 99254 73785 97298 36175 62796 66477 67092 66023 65418 37566 16250 97110 43502 46316 91840 22567 15787 86511 21373 42798 28839 65029 40487 96253 61972 52485 88526 72673 66781 37313 94163 73013 2574 20507 98319 67218 70205 58088 67686 74221 83772 47606 10416 32912 45057 15336 17715 23623 54619 39212 84548 49890 84256 44439 15508 3370 72594 55280 8354 40650 29736 55662 79133 76414 7942 16059 46468 84097 50242 21741 21010 51596 15088 97712 55627 44573 73747 34744 81878 18757 98766 92352 49300 30438 69766 25088 52259 10002 9771 18003 97867 11913 47916 51046 56747 35937 12344 74243 9738 8480 89756 79122 29616 49423 46616 41223 17076 89242 84383 50056 84872 69912 99202 48298 58775 48138 747 51109 15765 45798 96743 52855 98657 94306 3170 41510 81198 31477 14889 27130 58115 44001 35569 14690 21634 58469 58520 81899 4510 98777 44955 64916 1193 65175 977 22278 75547 71071 61719 86568 7637 95067 92105 75793 84401 74612 52935 55943 7347 85578 30030 42106 25460 94780 9327 73750 70210 44076 98921 11880 37378 11066 1640 29146 43305 53407 46534 60085 51171 84712 35650 87787 87211 18737 41601 55787 79111 94334 54044 92919 11254 9096 43560 65478 84569 22916 85100 55861 90689 62382 20770 19466 21906 24522 10987 72923 32491 95506 88500 68512 77250 10478 49302 74467 70218 20546 81865 23576 76013 7072 59373 12529 87018 16612 60504 99706 49930 89599 68366 99575 32854 14105 66319 32001 81231 4049 89174 35438 37539 80107 83998 34794 72949 95349 2633 53076 56593 87937 59898 81102 38462 90299 35138 28410 85586 46003 25708 64133 50777 11769 24367 93692 65291 21657 35077 44523 9047 95919 79106 53075 70918 3787 92760 51023 22679 75440 16711 26777 56818 68577 98502 91661 52764 71331 66678 73289 35846 32294 44156 9500 57119 71573 90203 34623 49406 45850 53390 24176 55799 61079 4437 11818 60337 27399 82220 24170 96680 57264 21028 56235 41629 98414 40635 84095 74108 32949 26416 23284 15042
710 248 8701 20523 43127 62421 99020 99667 82578 73651 70794 90531 3855 65724 84791 11096 49373 82587 59015 23373 41600 68207 88813 52785 11041 25654 878 70710 94667 21454 39436 59364 56696 45315 43636 12373 23751 92059 43878 64674 97373 56798 55274 2845 72336 67539 71931 13911 24587 59749 96055 12223 23780 61460 26068 29442 23566 89164 27869 8226 80241 33347 57501 94174 94446 66793 58108 21701 78562 42277 67250 96386 65393 21782 83833 64395 32280 61455 3422 47013 84457 62683 45302 84001 17062 98186 83593 54444 67300 65230 14461 71730 42814 42663 56794 34786 68808 60160 61 59655 49813 73230 2420 97554 70806 23207 96668 42610 8457 38520 57653 47978 72132 39479 54317 8301 54806 72074 25020 23119 40407 58126 31649 4866 57250 10122 83510 88710 31605 34292 80792 5531 12005 58095 26423 42556 68161 72535 95253 19427 6272 86679 62755 37882 11299 74587 93003 8581 5985 80657 86192 80006 22764 13719 68900 44667 75971 3688 23081 74119 1345 59299 94544 65141 41245 64028 79271 55715 8652 79410 52229 85761 8073 68460 68762 89275 86386 14663 80570 43495 40468 10390 4432 8447 51248 3890 37952 52476 5298 50306 32385 21311 41844 69576 93408 24364 28781 46423 20658 70184 56500 9014 87814 40413 2806 27670 53537 67553 18078 50404 26582 29798 34759 78736 65651 82790 90301 87914 45606 68086 13909 65604 84800 77776 11558 10953 8295 1832 39668 94805 99366 71467 33111 82604 58602 58912 70416 50922 22502 73935 24206 36598 13283 7278 37231 28748 74989 87912 40225 4297 9475 35874 35360 2903 32834 55142 30628 29414 53313 57602 12976 85178 59970 44058 52682 29315 62940 17444 80409 45991 22572 27302 93536 65251 10033 22069 81872 99061 19695 45670 22946 63850 46284 38950 78584 71025 63950 38219 81887 83929 93125 43690 9641 64348 49938 40536 1448 22835 92297 25293 70718 22866 8558 82482 56327 98088 21723 29227 62142 4357 19640 9435 57705 9588 57582 27207 27690 88502 50547 97609 84058 43407 54453 47941 41024 84562 81145 26209 56503 34029 16580 74010 28326 31125 14177 9966 58636 11970 87989 30114 95883 77177 93736 52204 89926 86637 29528 72717 18309 91424 84664 74568 43894 9347 32407 32220 19849 70207 6168 49785 98923 70101 62411 20933 28673 1537 97825 97392 32600 95423 1692 57464 40178 54858 14655 50654 90131 97645 6675 42389 57990 62719 5637 77657 32488 35222 65468 81596 45662 5264 87613 37701 82774 68462 45088 4480 49663 94566 73544 40935 25557 11436 73094 26269 43357 64501 19557 67110 44925 57465 72594 50488 90313 4320 5363 42014 631 94170 74786 24089 12988 55146 90427 54109 48172 28148 51395 21535 89502 28955 25445 66079 54868 73272 57912 4429 96723 62048 82708 87808 46247 99406 85684 51057 39485 91669 80982 18389 73418 48140 63769 78575 19613 76186 14080 10637 66475 28394 73911 39296 97613 43933 90684 43971 41958 73966 54309 78253 2866 42933 48993 76553 38907 3929 77219 73703 67936 1226 43440 42990 80185 21140 98112 52465 11071 36381 26293 36900 75045 23539 31118 20045 31220 99799 5422 89613 95426 86608 97869 19143 62644 90605 42223 32094 70007 23874 48038 9713 99389 26141 91558 50222 90716 43447 72448 12211 29204 49697 60379 3784 35216 93275 28868 44726 78963 67137 87190 31694 75209 40963 49969 52609 20776 53594 83408 91157 905 43094 1308 18454 62950 99868 31061 63745 5737 81762 27054 37158 11651 43860 47722 5034 61415 89849 14630 76971 96542 23607 12379 7099 82518 44940 41039 89775 58472 54464 43847 87201 49985 92529 2709 12584 91662 34284 67710 64649 6013 67063 78410 83689 68476 91694 53733 95287 32938 39522 90733 73750 7376 37075 37570 60655 7153 80003 35319 89662 58196 94071 50563 50028 61679 95134 15986 21897 13459 94037 22308 81305 4074 47460 16772 74743 581 88510 56648 71915 81265 94473 18057 58645 34886 31635 39934 97787 41912 34813 51711 61031 19474 33238 60108 19290 59634 81239 33945 98805 24474 87706 69022 86224 81333 69887 7774 82077 53866 16998 68089 40112 12638 25701 22381 67270 78311 34452 25174 64352 95710 20806 34639 43525 13420 37143 85752 40358 10156 24905 49553 68366 79306 62030 52094 26660 98956 64143 29459 46225 91778 88419 58202 69137 63066 30416 12025 42165 66708 57412 74098 98836 86246 68848 61154 10397 32187 85046 79364 58359 48903 37158 42141 95949 38079 49689 78823 15124 62669 70604 36357 5240 51209 54503 73040 97660 47213
544 89 6080 46153 42085 12450 24002 45793 54652 18601 64728 88889 30598 41089 76518 5839 20920 50149 33522 29575 62536 89334 28937 53440 70169 9369 77669 91760 57144 33669 80883 12114 25255 87106 59793 4383 49382 51345 86346 45803 75110 27898 55588 26680 5048 79235 40241 60769 19861 75793 45486 25405 26314 84667 98383 92932 76390 67798 71053 76635 6512 47599 70444 8500 81770 48983 66041 64336 73613 98167 21717 68309 93261 59337 66161 10605 77623 19202 82299 90410 43800 26820 35166 80034 70650 69472 59254 49947 318 68618 30420 18840 37442 53717 219 94282 34093 24625 46833 52755 57547 3540 136 14286 78073 16316 37741 55463 40766 15516 72779 85822 50363 1736 49864 75550 86833 99030 89171 93790 81533 37185 4090 21685 83633 45335 94620 32971 14083 21781 95948 37679 66956 68712 57731 13309 78567 66909 37519 2104 97299 66205 36691 275 58747 19672 44592 15 18545 12137 4466 9875 65118 97562 65186 85654 35636 61921 94365 23445 27978 45368 52546 88243 87509 96625 71798 97227 14326 56574 65600 26088 30155 8467 41143 61077 37151 88041 83217 35150 51888 29573 90129 16211 32368 65327 30460 75590 68794 27901 47564 4895 33663 64529 14218 79353 10041 90289 49252 59696 16222 57735 11257 2284 61827 55509 50232 64337 54642 10657 39698 57474 90352 64318 58785 70754 98620 73320 32066 95573 68742 28170 72354 59337 90563 849 76701 28984 5503 19566 975 70732 26009 81488 42058 91565 20174 79294 99098 97261 43474 3338 98952 99226 24072 11575 99973 61783 92935 46067 81808 15285 59379 58398 44140 73352 95087 24513 7025 24842 58765 38029 36220 85377 94112 45566 81768 14691 38289 91463 78688 47220 43020 13858 15036 45278 18112 26209 53579 13316 62598 52766 54970 79822 69062 87153 93657 13075 13851 57129 20501 53784 64915 68678 5566 44190 58714 45048 59824 12931 18362 92198 42669 39285 58840 41140 7709 20415 24795 68808 43253 25508 89541 8879 73046 53692 61034 84072 56659 72926 85466 48675 9368 14206 22756 77182 91520 60879 26891 72202 96028 35002 33239 94535 82045 47984 78557 74801 56114 5622 59396 24748 29185 41471 8185 99534 87310 38848 85845 43571 13738 18283 98593 43660 7599 68556 62696 83947 39943 70046 2987 91804 88630 58933 30639 42629 84013 92930 36380 65054 76466 88162 45784 49016 65479 68299 34125 93330 15314 56561 77515 18812 30351 48575 85230 54023 17920 23015 96520 41195 92444 70134 4892 67698 23138 72522 45352 42935 35517 45355 45275 55239 67614 64308 37291 37782 47860 14175 79860 12235 6319 15810 99918 38807 19898 42285 90664 63654 87018 27883 73127 26129 33043 31515 36280 85684 73356 42797 76302 57483 52448 58669 64366 2013 68968 93447 580 27326 90375 60895 71041 43864 84288 12679 7108 52526 54576 37266 25588 7346 9954 72127 24759 64631 30200 95623 70480 10750 62867 59499 10566 67044 26762 35807 31086 86891 58772 73773 32596 90436 61834 45008 47951 61927 62568 59289 49957 93074 4913 52920 65743 49050 97213 20773 34363 2263 42049 47497 29229 42935 2827 43107 31697 53782 35847 41799 67379 96296 75917 13731 90164 92690 30156 71961 59177 68200 76338 92483 86676 58067 72005 5288 64015 1565 93691 24964 32605 67739 54653 15577 90843 34325 42817 54841 7273 61421 16075 79221 91743 41605 91025 95248 97340 93065 63415 41661 94935 14527 9512 3249 9801 63764 13077 12759 21194 22335 65505
412 403 3784 1946 15654 84362 71478 26198 1858 46144 74227 65888 67754 98908 74066 82382 51415 78095 83661 19203 25332 65534 91670 94570 91026 85564 46938 48606 38881 30011 37002 84390 10526 90176 51372 74558 96165 49775 36434 2235 41875 32991 17675 18131 31108 14979 4842 79638 94762 5836 89243 62248 88511 91372 33311 58159 65766 15492 99204 69024 42329 44092 24309 52714 14100 36761 41680 48013 29328 76813 68678 57498 82748 75974 88583 74162 37730 89288 52981 36101 36075 10673 67472 63014 55157 4263 84233 28641 69622 61700 41109 27450 80128 82448 19580 61883 11035 92925 29846 99334 74444 66196 17870 76552 58918 29919 71982 1748 32757 93815 59532 41459 14595 21979 1091 70291 58966 13606 61201 29332 23398 40610 19878 81 85418 702 78765 94298 48345 15758 39583 3470 19411 65331 70590 19243 19 88724 35742 79776 96401 61004 99618 85979 29859 30345 53296 73228 20858 84920 34443 98972 45956 12568 92214 11771 91857 47475 44835 19831 45528 85009 46058 81071 14471 29208 91132 67367 33985 23843 30647 98517 9905 16479 18854 96529 51942 13110 82302 67391 57132 32702 39791 65883 32375 19989 60067 41794 53575 52127 3480 73419 69631 38475 46797 59548 22129 49167 21044 31717 60987 67703 94230 54234 51592 99172 19114 49648 4900 77937 31355 6588 92466 48923 56234 29110 8018 56519 12157 227 43385 861 80566 6343 54137 59754 40442 68881 93870 66876 78275 84538 49243 14578 72738 46540 25961 8041 70154 47148 19632 94199 31396 30878 65696 89518 1021 9826 6729 23661 44850 7151 80826 40224 55805 71516 33939 41311 3182 82977 66953 74757 29645 76589 27598 62124 841 52253 81857 85097 88281 18001 84890 65156 15152 93055 69759 15433 9839 36491 1983 46900 95866 8106 750 39632 13231 89715 35482 56785 16503 10659 45835 92853 69601 16469 99924 24351 77927 82662 58702 74821 50462 53167 20914 14821 88864 26587 33149 12065 10202 97123 95261 89061 52747 35131 83832 71942 45268 46923 75293 68695 68720 12441 29441 47160 15808 38999 67432 73017 69133 98143 5529 87523 67000 35927 54331 25653 26235 94927 41733 2582 81636 9290 26040 89395 91141 55585 51178 70362 14703 3878 48106 15056 51690 93661 55863 57347 21274 56408 59698 3987 31519 80933 61108 10607 48747 49369 83282 27215 1698 85586 83546 26813 47926 77058 6371 19873 3796 21857 23965 45157 4222 92300 37430 15821 8257 13904 55951 30247 45002 49038 26449 99678 82147 97714 42567 62808 9966 89188 72351 16049 6200 71917 18900 84772 14885 66064 6756 43483 26733 15349 36953 10983 95000
560 92 4654 30369 62978 34319 33075 4328 13264 76910 19009 75564 64123 238 8827 97174 96496 47384 21016 41696 71037 29474 20411 82388 78708 62200 35879 52880 45735 63485 39771 56498 11499 92607 13032 98106 74640 86533 17034 97189 32033 68557 18352 41457 90892 48459 70005 46079 35196 25700 68327 93948 90065 36224 42729 41564 62594 62066 95192 60577 53691 21955 8375 35575 71694 16974 61481 93179 93232 74145 80289 58924 42254 64729 13439 83582 93794 87744 63271 38632 95596 69272 1052 22727 2230 54034 74733 10053 14403 79356 68079 92897 80752 3293 99539 60202 42746 76259 76377 20042 47214 97371 31604 28794 87207 26756 81730 14103 24733 8975 77769 11623 26186 61086 93860 17014 94389 98944 17039 1532 43079 3600 52312 58267 68648 3016 90223 46867 23519 90578 99775 104 78212 61585 85041 82210 29713 18745 48647 78177 46751 97048 85564 56446 84080 58675 88828 69919 59711 43302 87964 97706 33172 28811 31513 68557 31384 77849 31988 55727 62011 48574 68848 91450 24204 82383 13684 61951 42264 64673 29618 84718 19368 63441 8340 83502 43038 74436 25941 26558 59248 36107 35168 16995 64513 29907 53404 36059 95075 23051 23401 91320 75298 2175 22684 40469 67988 55423 36653 71872 94296 98143 34835 50068 56589 11536 6491 29865 80501 9520 27888 34419 14934 89473 74260 3000 96461 71 2410 50151 51002 94575 3859 32719 40625 18045 74631 74152 5287 25507 38018 16788 56890 915 5993 70346 40127 15559 14804 71619 9294 59293 79316 50798 36934 50498 39043 71056 92794 59619 52207 27331 71407 16625 52417 91240 4944 52358 389 6086 54505 40893 1968 29397 82524 70348 22556 13462 29895 16925 39353 47476 14213 64789 35941 47814 92805 55702 61822 5469 87162 34605 94183 45169 76790 70835 87968 66040 94719 96169 25505 52198 78960 25669 61470 78376 43740 71585 25571 68300 67873 15858 63705 23173 44164 84492 54210 45064 23721 11685 67607 73604 77967 16746 42919 61190 43821 53022 60463 19408 10150 56634 91549 67498 94290 32425 93657 23739 9831 8305 41570 57906 484 94165 98885 81168 1289 80465 9888 46053 66377 50114 88322 68236 69867 50018 50754 25194 5367 47524 75190 72250 47866 64287 41771 24121 74653 24233 76294 21717 29552 2339 47246 98225 11019 10174 92679 91949 15500 79492 14094 4411 16028 85335 43396 18118 41686 95773 4886 14630 34586 42821 73470 66631 57578 91948 54750 98376 17969 19568 44672 22099 52273 75892 21017 21821 60057 11809 12183 12976 46104 93151 37471 89471 76112 50230 43777 20922 31762 44783 14653 76927 35442 32151 55161 45488 59480 33727 41382 84436 45165 10554 62647 82261 46303 44639 49748 13122 8340 96183 10691 89374 34029 60462 31793 84964 35758 61252 15296 445 76485 15123 44097 52334 36656 65587 20809 36996 31025 21290 72540 96112 51219 56477 1524 22801 97208 24020 70309 42757 72824 43456 62488 68329 97197 20047 31652 62245 73045 7081 42903 52422 21622 3473 82191 22119 5311 23918 21644 69557 171 67900 71950 5763 1372 31359 91455 73727 86572 60851 3805 98160 69000 25890 75708 56646 55928 63177 22924 35341 61229 49354 29093 69745 95822 77464 96810 30018 94459 13845 48430 34637 53341 51237 63330 95313 96258 39929 52135 57038 40427 50162 45395 21377 92304 99796 65057 15472 69446 76549 12161 62412 48847 78249 8068 96426 54785 16402 73734 94051 50280 30972 54933 16652 37627 37122 74618 91162 56688 89567 51653 86552 84411 35509 74764 87439 48811 93152 41673 43902 24387 28978 68587
682 148 1353 72766 87408 81043 12015 36986 69002 19378 61028 52303 2283 6710 24115 65036 53173 53442 2598 19642 99590 65658 59353 60409 73687 93558 61232 15977 82159 17701 32563 63275 25890 11461 15320 56239 17766 10704 46845 79293 61303 34338 34434 55318 31293 6458 35332 39317 73586 13838 49778 64471 34321 96292 61412 83338 60725 10113 64550 97645 29604 13996 35686 22715 48229 29050 73103 26 67877 58500 77782 48279 95249 63295 30997 76489 71536 35005 86363 23861 93849 61648 88531 18111 68341 27643 58381 79977 91951 22905 53763 71114 49486 33796 37333 10014 51504 91545 89075 57895 88295 98363 81328 31790 22853 12962 60792 66649 37523 5134 77937 49849 92977 50254 33152 91824 62889 93917 25426 52536 70758 30825 14266 56395 43017 50202 80719 26147 88827 14462 48879 68238 92632 85272 5349 45889 54104 52974 42891 81577 12791 87522 35086 90198 93716 61391 60207 64978 75936 27671 10302 38400 29499 65238 54434 72049 76582 66354 64641 62635 59819 91290 38240 67838 79732 357 64534 53401 69289 10711 29270 95072 98564 82270 81061 48779 7820 57068 25479 98600 16188 14628 26486 47835 99493 80442 50883 47395 63305 13459 88404 57898 73588 42171 44964 17943 68737 70003 96596 62272 8711 58575 63064 878 44320 58750 74564 18128 34308 25405 50135 28387 77585 98800 77162 15740 74021 65533 73290 21331 3929 56755 86315 70606 66620 15144 26411 28468 25126 64143 47560 35364 94265 28239 58550 51469 52648 83799 76643 59068 88401 45860 9796 980 72484 59362 76015 36679 52153 15488 43815 7669 80342 33171 3055 64780 27203 30106 56503 85295 68197 75264 41847 76780 87436 54267 44814 73107 52158 98179 1592 64832 75905 65573 60295 62159 75373 28091 2911 95653 85488 11887 55529 93058 83797 76496 38232 64272 75100 58539 33576 82149 22244 69599 32994 51743 53433 40333 58568 65390 46698 65483 31105 6877 8922 86139 2228 87921 49010 7864 85394 25626 41661 20280 29420 46079 78092 95514 86440 78348 23788 41988 62731 29200 97622 26274 58853 21804 75701 92856 6074 65872 26647 48767 92451 64693 66677 96713 85082 18199 94904 70718 58123 64555 48812 30820 54264 23247 76243 71262 36020 1016 93616 70984 18035 55015 50126 19859 50376 81121 6696 91366 75075 35376 53605 28593 58001 22645 7246 37248 43192 48545 97282 47689 70285 88151 18712 1590 99343 35617 2062 63593 84025 58515 22825 81543 44475 39650 13468 29520 49284 73089 29032 55251 4889 79574 22085 68445 75678 67374 93799 60863 39877 70471 5784 95044 10841 9927 27982 4314 60641 59513 86503 21945 10981 2694 1671 46848 16405 82897 24380 25546 14788 42378 43526 37836 68379 90953 1005 92907 70972 40763 35739 75223 40141 27645 55006 84845 44507 77311 88221 31849 40360 12215 49206 55264 84610 78798 75806 39362 38963 65478 47290 34277 76324 23169 66308 9490 11076 28342 62025 81612 73478 63577 14146 70889 29686 57656 39636 25678 76587 80775 3507 18794 53239 53473 32802 93311 98089 34871 98428 44642 8076 13802 99515 75356 36953 77092 72707 86574 33114 15264 26132 73151 81456 15724 52043 97214 11585 68423 48290 38594 56008 60701 34525 90919 86492 24545 66250 95175 41664 58284 57674 10063 81266 83755 24709 75676 42034 4921 2643 3804 47168 82627 13180 30633 4636 34870 95146 31696 65091 23420 38743 31355 79614 84136 9580 17354 1692 67464 44800 17221 70688 15618 40258 91557 58047 42115 56467 35321 2289 10903 57575 2732 88387 50863 56748 31206 88561 58347 62116 97352 80300 21747 78694 32155 94158 18406 58742 8260 13174 72290 73603 3166 73282 35372 11145 5215 80771 53892 29496 54223 51620 75768 77204 73727 14718 52968 83744 47342 44544 89168 41392 37805 5503 97428 34761 73197 98854 15682 15276 75920 58158 6661 93569 93878 35853 5536 3771 85933 40645 92001 99812 25329 23124 51660 4264 17992 72042 84792 52383 68597 19807 65141 33049 76480 30090 74463 24000 80849 4506 78394 43531 90349 29152 70213 51506 60054 8818 14031 64847 52706 55710 3471 49043 3053 73167 79187 95637 14874 73645 88475 89197 9709 54760 55446 83304 33336 81350 9856 99698 93280 41063 54897 71224 49901 37495 51073 76883 46129 18754 31804 854 686 49503 20225 7206 74268 51333 21990 14848 40803 59403 61796 98994
378 2 426 93626 81686 30016 96524 6167 74876 59121 13241 53759 83443 66647 22943 87857 40764 27891 98387 21370 1524 92533 47536 95147 20094 27905 64392 80517 88937 81153 63654 54212 2516 59391 28093 41898 15223 58461 23445 49901 23149 90860 80488 74755 9794 56514 87289 57938 63530 87307 84514 28885 2006 23433 45885 10170 7197 62410 59095 54760 26252 67532 12313 86446 79963 50242 12657 74776 21333 21685 7972 36079 76543 79350 10941 35734 57870 8109 56792 26064 14881 13529 14854 60173 21413 3331 97233 10975 81569 41916 37491 32539 92887 37761 58534 90568 43023 83814 64431 1173 89727 88684 58899 93601 22552 14659 77387 98042 9223 96987 59283 70905 64047 34575 82270 97103 36781 60371 61601 50462 7151 41581 38097 13512 88261 55169 44216 67731 54134 56449 66596 48432 53194 43215 27783 58543 57756 59300 51403 48396 90224 7154 4427 29684 88900 84337 201 67782 29121 38999 42580 95483 89670 26016 74081 92547 59900 28052 93602 59516 53222 29546 91005 88578 56759 87040 56435 46202 23657 14347 81349 89352 42 47037 44782 79884 44216 65688 85022 26675 43842 10428 34583 85699 44357 69796 26204 69360 94406 75463 69760 90504 62160 90320 55082 91968 62616 17367 17653 10506 14919 92086 32581 51078 47198 43778 46687 958 51617 68496 89183 85015 57572 84337 12652 3861 58031 74892 52341 9765 63884 69766 63305 1432 2595 21460 34382 99684 61354 66996 25128 90488 62973 34001 67984 6914 95953 64841 71818 97436 44093 52291 97074 52806 19147 19717 43548 36017 65815 52680 65480 7611 62336 92711 87718 54512 89993 15219 14944 38723 47111 64920 54597 17853 7258 11640 89177 14090 24873 70382 49221 57846 6407 82301 72686 12968 27407 62350 98324 68060 29735 90444 49937 13317 40428 48145 53641 94503 79085 93904 45445 49785 15268 23539 65623 45313 33859 51927 44429 57242 91915 20236 41603 5954 42722 16038 52777 92403 53823 13829 5675 3173 76305 3300 87843 44083 95579 85990 38408 42663 79647 31039 28394 4962 26235 24731 33963 88746 91109 61140 80227 7341 59972 40805 31848 27883 8720 30601 96148 59111 85770 41623 58394 75338 16334 43938 42887 33445 5037 5528 85604 53948 80880 57662 57016 78423 2281 14014 68616 97581 75607 86928 10678 59473 24467 11694 85440 34848 87958 52574 97397 44256 7228 3097 83005 97428 25035 41524 39601 79698 73222
244 105 6971 47476 23921 49266 46514 93402 93543 38933 85620 76236 18733 39810 74475 9450 60299 36249 58059 46279 70213 73009 62447 16616 91405 83590 54736 41071 92780 82321 28285 75274 52712 99762 12776 40287 28729 25826 76231 38191 74503 14564 63535 28139 81708 41192 89415 44743 79229 88896 26205 47236 97670 29764 52924 44327 97014 10114 62419 40192 92739 7971 89466 39301 12512 18685 11592 67297 12334 64965 26537 6233 62137 50006 3228 83478 23372 50272 2639 52123 40651 26067 7325 84601 14304 86543 24088 42706 43250 92271 82111 37721 12161 52527 79930 62921 44394 22693 6422 58044 43934 52202 27484 90019 23223 1044 53227 12848 79982 1247 1947 10167 22112 86592 87281 67901 39931 65764 11300 96441 30988 70267 47461 60719 88238 69506 34120 74304 98275 57250 8378 48452 15300 709 25426 35147 84862 39424 20073 6878 74288 70535 71898 12006 31295 7581 65691 23382 14113 47732 43688 12583 82048 80951 55249 66559 4549 91765 50143 59736 74177 48960 63148 9992 70500 79380 20221 83844 80974 27467 7890 98066 65891 92675 68229 94371 95723 7397 7274 70326 1989 61930 3035 54695 64069 47421 31645 10433 68906 89681 95344 79002 85282 55136 93267 1101 67372 44687 16854 26913 14055 58044 37301 73353 99291 98038 43101 61887 14469 34184 5456 33360 71256 10095 231 65299 47354 55922 91265 65006 77711 33121 52954 31437 53667 37054 3802 54016 55604 44716 52871 41423 32429 69407 82906 61359 62901 60891 5149 55367 30265 77780 33770 38219 22483 4349 1087
135 75 8898 96700 82331 38992 49203 26612 77353 27559 26612 20017 89059 4582 79251 90028 49789 23176 85949 21516 13548 83637 31213 26850 58684 11207 46047 77291 64428 84756 1856 43400 53784 88343 72481 52826 1429 13321 56478 74151 76519 31219 90743 65356 37436 87977 51173 75369 56133 72009 82043 49238 81514 76744 51847 49788 35198 71630 14059 41941 53411 86316 51240 47293 58644 45902 96174 57154 17596 99699 92180 60975 29087 77744 13218 46024 2303 73849 20755 90159 63556 58710 97798 35307 49347 66280 59179 72710 16106 44701 12966 43332 23140 16294 71241 26042 26890 14061 3328 80368 113 79070 57682 43494 95959 49300 87106 37104 62921 9885 38784 67627 26147 61008 49294 36576 77419 41643 66710 79528 43670 99665 7929 63989 9526 56753 25812 83488 73870 69187 31196 24243 25166 96357 71457 13723 4683 523
468 389 4686 83149 804 94727 831 90747 74175 40300 1125 48046 51342 15110 48937 87530 90700 1560 92369 86484 31617 41359 58023 41028 58900 31715 23006 17611 61457 6990 99275 82014 19698 97629 12674 79238 1139 63125 91031 80314 61118 13191 68683 88602 57012 73825 11288 13373 81855 16875 5326 29194 31971 98144 76711 98727 79253 54763 47516 45305 42673 99367 5040 67448 19874 20802 66745 86738 15041 60042 99048 59805 85693 74511 48468 25896 15927 39366 21152 43423 81736 33709 45697 68660 79541 7235 78899 63575 85211 73639 49697 42202 29736 41876 50361 8536 21669 50130 45440 27490 34907 35387 76415 52352 75753 21054 37692 21201 99328 57843 52185 55863 86735 62721 35963 1157 10178 77533 58879 68652 56472 84002 49706 54137 19140 50177 13472 87113 8699 30587 18092 71626 66065 81948 63951 90112 77603 65114 19026 42376 68539 86431 32470 11940 45836 98917 28354 21922 88901 41659 90969 67476 63440 26032 40697 95358 6588 30200 28548 49981 83357 57333 40041 87611 53046 96600 42161 30792 27331 29538 55679 89417 59338 52769 3598 14387 30993 63350 34769 72546 47228 88015 78806 30030 21547 11816 14498 68076 30815 42626 82470 21920 66382 23427 11089 46976 325 94623 28099 71284 77683 55388 12322 22847 21383 66438 84895 72640 83389 24621 12393 72366 58 21223 22987 20486 55121 20864 60402 77503 61807 50061 13455 51961 27876 37741 3471 82924 94463 39562 83705 31398 69524 37763 35336 85867 97376 47066 26992 72019 75676 10010 36042 34348 12517 51474 98806 21723 60644 90715 46515 46288 21115 42179 66066 2513 42573 30523 54443 75960 11018 65970 64593 37882 82303 77596 12670 43947 40850 56063 42836 64779 17615 81265 72206 34428 66929 47100 90825 64138 88093 7588 34159 58466 48677 96363 91957 65859 57444 28612 5777 22004 30254 34245 44987 95332 81039 3033 95500 90093 67358 97898 40488 86086 3194 53496 37195 52711 66471 73995 7439 62799 27674 81371 23172 66989 4312 48659 23029 7454 16623 61043 31446 41931 90991 25100 26378 97804 29694 49404 54390 21054 74316 55146 21251 68321 698 12357 63000 31 78380 25146 61123 38342 67287 64882 33017 34520 61402 46004 56766 63238 75702 76706 30142 79760 45215 87626 41400 36449 54252 15463 19375 93532 639 39453 72711 16306 3496 54322 52187 30398 51414 56718 69980 69350 36373 59588 19012 53133 88722 41420 83562 81155 83290 30253 57198 33327 51510 24759 97982 12316 85386 27905 92201 45898 69379 68317 68042 4229 20858 79097 20237 83119 212 14973 44055 4026 89715 90244 65755 54048 36268 68701 18885 69153 74503 20749 97235 34736 27285 21941 99463 37148 41941 9856 16110 22151 71042 17871 50489 81541 84426 90706 2936 23152 53810 63666 58649 52560 18239 79274 87978 38105 85160 88657 51040 13990 13846 45119 15783 1452 82839 22001 10563 81851 49724 20417 8223 22515 99518 22975 85680 51996 63534 23041 17814 95205 15021 60772 91628
357 227 4440 6169 94969 94270 94105 48273 12521 96873 53113 43580 1056 45081 14752 99347 51823 50614 50881 1603 66425 9987 36347 70562 40442 80387 10204 35246 65751 7978 50509 89081 49728 78704 57145 64040 88242 84642 77885 43516 81758 61203 17130 35039 21676 69363 6878 52104 11317 71309 72423 4774 80397 1601 77112 78746 14972 71943 19062 58545 81034 2160 35226 79967 21309 16226 38973 1546 33288 80299 63765 60426 7661 90604 58015 12851 56872 60924 12387 33582 42825 25544 34251 51186 54254 74855 98132 42144 1232 71726 16747 67134 86223 40021 13618 57095 27173 63137 71616 67210 29528 89589 62370 90662 93854 38214 43336 64065 78989 91431 95160 2401 61601 1254 98626 27006 368 37673 93423 92453 50757 13089 24652 17066 15016 99642 12935 92992 62482 3652 48461 16642 79854 37295 27515 62175 49432 91187 23294 62858 72020 57726 39079 2624 75353 8783 9359 65811 10465 50058 70943 51281 63514 76703 78865 96783 63292 54033 94358 16610 51859 4038 3124 80540 97350 23007 74674 6162 13963 4962 43152 18360 56539 36373 87127 7283 77874 97839 75392 75678 16307 40763 89522 90433 51626 54648 15707 73449 49011 71409 48673 92683 74636 88966 50328 26105 75451 17930 76500 37138 68583 7023 91933 2103 70520 39867 61477 89999 22270 69139 73875 81305 2850 6410 41090 21201 64281 63663 1378 89469 41569 43834 63504 47302 52164 57081 45583 19676 26387 82591 61699 44969 22668 94397 53340 62048 66805 25262 26126 17196 6017 80061 44512 6858 48337 62875 2527 97449 85624 22695 39945 69838 97010 6087 7816 84318 38253 74756 58458 27134 99235 37585 49008 73979 71358 85284 54242 92577 33710 728 33838 33686 47637 83967 26561 39945 74279 8820 35421 66814 62806 41646 81404 47327 35560 4687 27036 41483 20908 56196 57559 87738 18730 16128 26265 58975 5202 80008 29368 18496 94318 46480 92877 59758 56662 62753 73539 84990 98637 6073 98780 10049 6978 96324 46823 65276 96244 90171 22790 55971 609 61613 1968 40264 99913 14151 26916 66812 44598 265 92298 62569 2442 86146 61286 69655 54790 76783 84039 88834 37545 45752 98807 73868 94120 9896 78951 59968 60014 25440 20063 56077 55723 70049 71122 57859 97200 43463 62660 45312
600 254 3768 38097 34455 30251 88542 53229 67236 13193 45425 47161 35775 96012 43045 64100 92476 59957 52316 56763 74746 53689 34644 77671 39902 89747 9494 46236 35990 8050 93033 78386 18678 88761 32336 69881 37555 73463 96039 33801 49429 70128 61878 64767 54500 48875 68175 70332 50603 69586 11380 67624 57519 81528 86836 52490 6542 30450 4768 47663 35049 55016 46325 10985 93132 19541 63066 20546 4704 59033 36621 8641 15571 90742 9431 13492 44513 74085 93082 80130 81397 30854 43276 16952 70244 92422 88841 31041 16960 15228 42534 44982 86215 26171 53370 33566 6247 77307 48511 88016 13985 68469 8978 67990 62792 89221 12056 38682 32442 553 48818 60065 4794 57210 13988 27206 76703 91206 5233 85600 12783 54278 695 48305 76948 62139 84639 92412 65107 4477 48482 85478 5504 46417 44418 60693 92253 99065 14493 55119 2639 43144 16106 91734 14971 68240 24243 35883 86708 52469 24135 9538 14806 25043 75770 98861 20008 2564 58143 33057 34495 90253 47394 29180 3285 60082 27633 94767 44892 67500 39376 46534 34080 48836 37727 70688 48112 51535 42613 39619 60188 39522 82377 26619 99202 71201 29094 50925 13386 65844 10877 31082 59788 59379 81049 86673 79587 43952 74339 33880 58146 81654 61011 30560 75096 52719 7436 80938 8082 7027 11602 9439 82399 3024 56811 3234 3526 56744 53392 42295 94455 13373 50727 34766 4861 81599 51219 99524 47379 64341 7110 59971 74273 56190 1357 75335 20595 75970 4610 31819 7221 67386 76108 88217 24709 54763 32039 30406 9007 7665 9391 51829 40565 30970 28144 46710 9445 27798 51100 98502 55084 95300 62387 81748 26525 71441 80276 38680 41185 98827 72594 73074 33288 2407 57973 53891 30046 584 31634 87819 98159 19342 45148 23485 60812 3891 62770 10388 81894 39021 12612 16081 4254 7731 79232 43475 32965 73939 74004 5802 63331 56910 50784 119 4285 45787 62940 45517 10016 50146 79947 66872 91804 3198 22893 31269 34986 39936 9053 70218 36300 87681 87600 78202 41224 30086 1843 42775 30679 78334 53972 37946 29451 13853 44622 17067 18999 42554 98803 46240 36173 86359 90785 79803 50404 47750 44479 58368 67602 44075 57707 67729 33801 98243 96261 44573 87281 40144 3066 54846 85203 22186 10021 59526 48425 34484 9081 24374 6209 51307 38799 49328 8659 17680 36401 6086 32231 48213 66836 47368 38866 37544 32149 61016 21676 74163 41743 50751 85708 20481 54342 78105 46746 40406 86034 82723 64579 26857 40205 48953 11639 25654 62287 9843 51251 25659 27109 43115 77760 7355 98292 48587 58218 26850 33730 7741 74256 75034 94025 22620 30589 52407 19757 37721 5702 25959 95634 28115 96059 74656 74018 44690 72779 92859 22715 66585 22481 46532 86970 42758 38469 54973 88729 70285 13231 67894 13365 97050 49163 86235 4322 83483 84720 6440 95353 42110 29063 24557 67707 91197 67649 77070 36690 13132 44300 5705 53881 21296 66402 22406 49533 3729 13677 17633 82804 59545 96287 17127 32431 49694 85419 80561 58216 7139 48344 45696 71688 90614 9644 50087 25951 26825 37944 46193 15645 77560 56591 40153 51904 67060 90241 92218 49134 24249 40292 4892 68539 6030 85061 37993 29518 6895 17658 22307 75811 39003 17226 89507 40952 63714 2789 41034 1099 88604 16697 10535 3418 74461 70024 41228 49954 29112 2978 16795 3448 30881 19963 78149 68488 16187 94219 83659 29072 42244 4663 32214 36797 78868 51427 95200 84354 44480 68216 310 55217 10170 85918 6147 67180 33491 15380 93432 68261 90302 65907 88606 65604 10060 83511 19229 82664 86154 27925 16954 84791 34684 92293 9726 43158 15414 57732 778 15572 42399 68608 37271 15128 80002 25993 56730 45347 79800 97371 47487 56949 67894 70516 79455 91835 99179 67235 31563 37286
273 51 1245 80826 27543 79360 71375 50425 7021 18398 92491 28107 88014 38940 35339 74117 86674 90951 56726 28055 21608 88393 65465 10270 40689 90821 85662 4035 10419 59402 74766 82770 31099 32379 17843 85629 4710 73334 83153 21858 96415 55165 66430 81765 56683 88422 88260 96761 24324 83014 23102 82298 48595 66956 90088 47769 82809 38199 10699 19875 59291 60697 61845 79531 6813 28514 25288 42090 88840 12778 18807 21957 12144 51328 68182 12651 8565 15548 47712 530 70599 79950 86844 64581 53116 70028 68324 32394 88587 39104 53510 32698 98943 34160 27381 49772 35607 66583 59211 11505 77998 59566 99679 62741 79776 42713 91854 65222 66675 52079 71317 91741 7995 20679 1390 67989 26806 54889 24640 52448 87869 53855 35434 35420 60928 72127 58792 50265 96343 65284 71228 52944 71864 5912 89400 73233 11195 98834 75849 14155 78028 6082 5844 91117 90948 69234 54999 23425 4048 43415 50245 4528 16914 33132 24547 38879 95441 30093 6619 17213 59426 86937 37373 31323 66979 11346 56087 31600 53831 31253 63405 19352 78400 87026 90630 3384 16292 61378 37758 44989 52699 40151 68830 15611 19686 27746 97902 89493 28648 14594 57712 22512 27340 12925 52653 48315 40924 24784 44238 53623 8425 88216 42397 88598 10440 65886 43821 76371 82531 89908 36321 53202 26658 92126 60408 66017 37895 98767 48179 19950 80251 17680 87132 45647 7995 37705 74666 92618 43971 53209 63623 24306 70165 20565 49458 14648 55325 37312 15333 19767 94119 77781 94144 16886 50260 42158 92054 61778 36222 65191 59486 90406 58240 26930 98942 43306 63243 41389 39581 4797 36670 12681 70918 25130 5139 66747 86334 85508 77503 18077 64764 32266 77348 50405 70093 82552
437 195 6332 94640 40285 96035 38301 82622 69630 36536 30458 16572 48128 33662 17673 83396 99238 3977 7319 57429 1026 22570 3371 96185 38935 12697 96406 91970 60194 67965 83926 33097 48144 7863 37990 3297 10918 662 51979 52260 13241 17327 22187 18367 19335 53346 23972 80083 31521 27701 58639 60583 3621 31579 51245 91022 22751 37482 78661 76372 32174 38326 37135 39440 8173 42002 61061 29374 14402 80904 25722 33536 27730 36009 43723 84012 4062 79431 24666 99768 36717 26676 72348 13190 7824 74001 51757 78838 27552 81211 61407 89208 28247 60055 10349 55382 50632 28782 11013 93867 97887 66131 16719 74049 6325 7513 39764 91520 93242 19188 32825 71403 72142 64049 15100 55238 53524 1677 18821 8368 1121 17854 26631 78040 49978 23683 82553 83317 26585 69247 34479 29539 64036 73547 47175 37293 44866 1173 27136 924 62287 79643 96281 7082 13233 48805 53914 77501 66320 9351 58791 57603 77708 4967 549 68157 35294 76666 7347 94194 33827 19502 20083 3624 23181 88963 38314 12090 48728 85242 12213 94268 54217 81388 84845 7643 35976 51082 80753 51686 21182 3213 52989 46293 64700 60453 12363 11596 36329 82645 17240 88607 5841 99699 69264 17051 66119 50465 69662 47229 39634 11599 72410 75298 9101 60109 54750 35134 30290 61910 43453 66858 18627 90988 97276 24588 29378 44565 19705 12706 75627 48010 79374 11902 76618 63474 13349 76116 2063 20684 87288 53997 54450 93258 51260 63923 47362 79874 85643 95897 18526 59233 40926 46958 7601 41525 86775 12605 46797 43593 93223 17374 87209 75504 11811 81717 53709 47257 75602 14817 91590 60745 21486 97608 38116 7944 64436 34170 43102 88142 10688 59665 81401 30783 32387 13545 68197 29226 33519 71228 5687 73921 24241 39543 93140 10386 11946 3381 31033 41530 95862 92357 36383 1014 26073 52676 19780 92713 64027 93848 12075 70602 53585 1706 31321 83790 85655 66700 43522 28388 20364 79261 73051 9031 57024 96165 78839 12656 80284 94366 7475 88142 96914 75740 87514 67186 11271 19458 97694 31235 82645 70479 72490 40557 44711 87464 74524 50268 59575 21030 2860 80262 77903 59511 90464 34194 97242 23906 51139 61243 75508 29064 99411 16019 10855 49164 1223 83406 41543 76547 55854 1009 75737 24093 59222 19365 28299 13154 70459 18397 78848 93848 10758 75915 78617 31579 30686 53304 98609 65832 11786 89129 50545 38461 42018 853 69915 15309 16526 69812 12376 88887 34844 90423 27066 60010 38144 52393 88251 85045 71511 326 9980 21009 15390 61197 1029 21015 16534 74439 52027 77637 72438 83214 99549 56309 11424 12875 7113 33632 16853 20120 2003 87515 21114 61014 32709 80392 95361 85504 67367 72781 87558 66412 48356 44292 92703 94598 92325 65556
880 153 6102 50163 14253 53111 39915 5546 34550 51762 18976 49180 28603 35925 20726 75935 5935 49234 88018 37239 30271 26325 61993 17666 15945 17727 82648 14476 98974 82648 2043 19933 42515 75410 6277 23917 45899 51866 98143 77986 42069 57400 4280 15703 65587 2662 87105 34967 26158 38458 75781 30215 49847 81118 83006 70940 37969 87627 15762 6299 59781 33817 21481 84923 78622 20509 27656 58238 48012 72121 92471 43798 45772 45646 1063 11276 30820 29712 4074 13290 56950 15770 91303 65022 10074 85310 66188 65220 54827 56631 35100 13765 33288 31630 18920 57200 84246 24128 80275 25771 87216 72189 13676 8154 59032 88513 9744 71357 20699 31627 50130 96359 87119 15683 3841 60228 51763 19506 98664 74635 37055 25870 72992 44795 20875 17214 58130 9905 37088 18582 51397 72402 9458 31487 43530 5999 5236 14289 35424 80062 87102 22611 39573 55221 93069 91857 90693 86573 6080 54229 26553 62497 44576 99615 58332 67150 72253 1946 97625 92074 64506 63339 18254 22872 39656 99699 76076 41523 86818 39030 45795 27483 3910 72193 90157 2048 90672 12524 45281 15928 31413 53211 20684 96557 649 61577 17897 7365 98076 56554 22419 59903 76653 2950 83529 11495 59427 71858 2991 33001 22715 87910 96282 52608 74488 21957 9053 24720 7453 99798 50841 7808 24163 13577 42168 68796 55481 42226 87719 84749 55591 87370 24647 31032 99126 70930 10971 80436 99883 57291 19606 19887 49166 97925 90663 40962 72201 97123 29455 23222 53740 13972 3155 4731 26270 31503 1392 8004 18982 29280 54722 44371 61668 70176 26497 32812 47685 99104 18480 74134 78558 79596 21601 65708 33148 85907 34563 76252 7432 2528 29491 24050 71844 32450 98514 40419 26832 18291 7465 15001 59930 29493 11038 82793 56075 51790 86180 47285 5654 89593 62975 66084 44802 66869 54813 29897 44838 6705 23202 42504 45758 39679 37070 23973 49115 75747 6114 54010 98934 64769 71269 90103 93907 65275 96669 22982 84567 91033 96856 9871 74265 88477 70507 60747 34552 78152 53521 15793 82944 79856 23234 72420 35264 8089 22164 96556 28805 37770 18164 98994 17493 93362 41276 26577 84650 92550 34536 53339 67410 53368 19149 7425 86762 89934 29565 13201 18489 4207 91832 83522 75145 9911 38459 12192 17857 52645 78442 52248 57919 21124 66581 93238 46800 77662 23839 68422 55297 52150 12369 61818 62191 78295 15664 9204 58282 55426 88512 977 72357 72404 72255 26307 71904 99792 96701 30836 66569 73977 11257 66335 24803 85831 41036 54652 50618 96230 78597 86746 80668 71754 42170 61500 36190 11515 5578 88806 86165 30690 70780 29836 1852 25319 84461 42450 6927 85807 17500 77458 97107 14578 91233 57115 59587 76154 67019 92497 44043 99715 80451 97751 66786 95159 16199 33796 3876 36312 11227 11375 71625 84740 28515 86283 45452 26077 59448 10896 886 19171 3984 42653 11284 44053 56701 3275 37707 84319 20088 7450 63527 73335 93768 26870 42397 8798 94473 51531 89531 37746 94409 91432 85338 13780 4913 14013 14833 67670 20245 462 22255 41381 10306 11048 39645 69283 92437 17931 72875 62356 79414 77173 89058 51039 30663 85647 84100 42319 69942 98313 50054 68589 12101 27770 6215 32117 23134 72160 79456 12713 91323 64877 14013 48518 83988 33055 70630 27868 5579 97105 60919 7433 99105 65629 27187 95173 88611 98606 97895 76908 89600 90627 56887 38653 97406 17582 84701 22340 66278 87694 72093 38046 47447 57318 25117 97464 84569 53850 48233 45115 18512 11783 55675 46228 69017 63733 33325 27890 64026 48557 69817 91696 79285 10144 76772 20854 81027 39982 75749 42185 39889 87098 24338 60969 19538 71223 50463 49067 93480 15680 61448 33171 33311 92295 43551 85799 58000 70844 88884 83991 47017 67510 83994 85854 86710 73904 98925 20102 75510 8523 48364 88549 66431 23301 45148 27554 29675 32905 73626 7685 13248 48754 4072 45058 55880 64109 82893 75902 59085 25051 4548 61496 90106 61605 60852 28903 78964 86682 68585 27401 57809 11419 86662 21401 10670 44621 45209 59654 94198 16424 86265 34695 2020 86117 89426 56897 17428 47407 30930 61220 69204 79649 12837 65367 48688 59272 15707 26138 79371 71012 67464 48477 1694 32522 87252 4601 27925 77079 39652 69870 38197 11420 91038 17676 9463 70114 85598 61633 89354 31470 19935 5668 58212 57771 85086 9813 4925 7853 20807 47155 91715 10018 72894 8070 41046 90280 81713 92542 336 54884 69794 91888 52126 48164 36106 43082 5950 19429 33701 3281 71493 8719 25761 50143 47074 51905 46665 83539 34132 43363 17462 77581 19366 31105 16474 2813 19096 74612 83696 2997 40346 73070 74610 18342 58547 29623 15760 20908 5800 70705 4369 52615 67567 90438 32225 83377 71347 36419 32839 9130 81944 94409 24933 55764 45542 93882 68696 7533 74648 36265 71106 29914 89564 92 50520 77882 21356 64641 1164 33789 57875 93624 92176 85907 36996 5203 88554 47363 79737 95205 58629 22837 67703 88387 58028 51470 33394 89699 66485 63296 63243 95876 39401 557 8541 59505 1806 54168 84786 10781 83701 73396 27793 39673 32890 17665 86312 70517 40252 3104 16553 66424 79817 69299 45121 21437 30810 59212 25818 38429 8527 1341 51103 90972 29877 73774 91591 34015 92197 76573 77996 69987 28388 53888 18822 32398 60286 7958 21951 96578 12343 23833 3432 67811 78014 91723 29192 45690 94530 74136 67227 1755 65581 35654 24701 70131 75705 33303 34898 51406 30052 48073 65506 6907 88341 40793 72114 99102 70776 98089 19357 90292 15999 74514 56625
279 79 1172 19969 47828 76117 77399 44836 84301 48022 89139 94209 27669 49449 22690 51545 90288 19570 54676 1694 86097 4670 67109 27525 70376 33475 30059 12888 274 70728 91535 47936 836 52789 9797 77295 82208 75463 13322 97356 7526 9415 89438 32654 48136 15553 79031 7016 9323 30332 28626 51304 53802 49490 28827 37847 72630 87643 3477 5314 77949 9528 84228 85925 61636 87000 38324 87306 64162 43882 43154 89860 19815 88644 20299 36581 67424 28183 89211 45694 8491 25434 30921 51693 54292 76333 84529 85022 18766 62068 3758 44928 6387 68448 92951 47364 8005 5204 4080 79870 40901 80544 45261 65670 89028 92041 2235 66973 29655 55390 15471 61257 65039 76160 60340 83026 48628 86920 98704 41766 41179 9735 80374 79104 2359 538 61114 20026 1239 48385 57901 42671 57948 4089 12267 18830 84135 54753 82961 47207 70382 51247 87720 43296 8017 39026 96920 26155 58939 54043 29924 80579 11897 38322 13301 26627 86291 59216 90585 95909 16238 89219 66325 6842 29861 73603 99453 3104 14307 59410 46445 90208 4044 93571 89271 50443 16880 63733 61665 53826 37420 44178 70278 47503 98954 3522 63917 28374 31821 670 67401 1797 72661 93881 3653 55843 43167 83972 32787 17970 95109 67531 62977 43492 74744 53361 29187 885 58398 18816 24182 62486 54756 79743 32212 87377 38771 46448 86027 65002 41336 83979 96718 98765 3480 87064 93970 19536 62344 90207 72519 32248 65655 95368 31753 59710 58616 88883 99025 90901 4867 83004 69898 7502 98969 61234 20244 39683 87388 41974 65057 23812 36598 15475 93072 79119 86715 92578 35578 82373 39492 69448 82197 50643 66787 27036 50855 10447 83409 3137 28234 44816 60025 29266 21785 1166 21477 66442 10218 12979 70228 65926
212 209 5887 39167 85028 22415 29173 94488 12160 65769 38278 57616 83518 37243 35682 25479 34068 59947 59762 42962 1964 44563 48486 85927 45757 64440 53961 79034 2160 91973 67608 59222 25490 21121 9041 35145 20531 18603 64300 26789 23165 84914 42818 55046 77113 59319 37124 83214 40799 10302 71075 3616 78959 3523 45348 27850 32456 64439 51678 56760 77522 90841 52366 28848 8934 14823 53507 83442 42651 3042 26701 21597 22967 76322 53149 73064 98950 65771 54622 84596 8866 35753 14848 6581 48039 48701 3793 34699 82486 46805 52277 21047 86379 79932 93584 72621 74811 35462 76721 97829 90299 40084 28615 14185 16758 24193 11136 95570 93800 35947 99349 63931 12513 99609 56800 34769 48622 23363 65857 87584 53343 12926 65615 3128 41915 34354 7356 61381 89089 85670 26073 45874 97312 73650 47852 32943 67421 38371 30344 20532 8642 64575 74236 67186 4495 84189 32183 51411 44254 99008 42926 1112 14992 96515 10046 75402 72907 50437 57994 60765 4913 11484 34454 8730 44436 38826 49680 62601 72923 94297 59485 20474 28008 69328 84895 75082 98 25540 90913 39862 98612 82928 3274 47482 2977 35648 56363 66918 15884 60782 9784 64567 27376 16622 48963 47436 26614 54452 86613 79324 5104 42816 85387 33178 34854 71478 64189 89013 60944 19347 92834 55129 20496 78450 44324
198 173 4707 16109 91782 47721 44792 81878 35913 37080 37548 50657 634 32428 3502 72138 87191 67399 38978 7398 59274 90023 51293 16917 44919 5655 11908 17447 24979 81179 91596 38530 96592 47179 69265 94892 27110 12393 76232 14808 56166 32511 72053 72333 52156 2173 73902 49945 54960 29661 55696 3892 57317 28985 13994 9743 38605 72844 29966 21808 7907 50165 5917 64825 10887 87337 89672 97271 31132 24622 99359 28073 20767 24534 16281 18643 78667 60350 67282 67582 28995 97382 41329 58573 30555 94129 52599 25582 27270 97878 34290 30547 42261 5861 65471 41098 37291 57229 33648 88174 98661 24267 69338 68658 73381 92283 50701 49405 44013 28041 8965 21506 6205 5066 72484 56482 88478 71173 45121 39570 56613 39290 93105 87427 41502 47418 73031 9010 70268 20958 49396 77806 53397 65823 79438 81849 43055 26253 32843 24380 50308 16870 72258 38846 18265 66725 17477 77322 44276 36704 87329 29411 41797 41669 55558 37779 42180 95312 55255 13597 17229 58346 71709 13914 45570 99447 34554 71024 29097 81415 72829 30514 66735 19370 25601 94417 29844 41831 94606 89249 14674 36313 89203 28263 1883 92727 38963 22546 8674 34229 85920 34997 61519 73707 64452 23949 49970 56696 4353 94710 98085
509 323 3903 92634 63636 10597 35405 82585 56602 45098 97542 37471 45049 79158 18586 53937 65923 47127 65050 6612 60002 92626 48100 60250 16364 96698 90037 16842 18027 69499 98227 11062 17364 65804 32448 51469 46225 62549 91415 38393 96090 9671 99382 97051 18382 63544 27296 90470 79486 73906 81352 46253 20021 41895 90313 98914 41613 2138 34970 85051 15486 9487 85372 35572 91529 94886 22643 65032 7557 13242 41421 9440 27098 47321 85097 99742 89784 95922 21820 79902 69254 81886 52315 15974 31331 56470 26957 17751 49669 65917 15419 44322 27132 16104 79148 97808 94993 95746 56817 69629 14142 66808 90348 87571 10207 69515 18573 40830 52945 92564 34467 35309 67722 38214 71270 20783 82137 2971 15826 19855 12157 57990 57327 43658 427 67352 74703 64503 9367 67878 60818 7941 41901 94583 48031 29495 49520 63937 40397 59100 92829 59782 4060 54790 69477 95589 89982 71803 18338 26848 90555 91112 31453 53911 87594 40080 87359 47781 18033 50845 2113 45560 83226 19795 96273 1587 58243 59469 56237 2919 88612 53173 66072 18072 59677 26580 14821 39174 73848 60802 29005 30157 43358 79811 81678 33418 21181 82063 34287 82856 2242 78381 67189 39 7796 28796 10656 23444 85778 90973 10376 4195 44209 4837 87351 82294 96964 56986 5109 5068 56705 62094 33185 60027 34013 42256 21573 4836 79254 55019 42829 45363 74358 24673 13229 12350 76893 28874 4099 35705 9225 2234 49262 40878 21018 98424 23803 72364 22480 78074 1158 64415 75352 75148 48605 40242 45630 69528 31491 45247 38197 60101 80019 59677 92423 10473 49104 57457 19654 93499 74046 42798 79999 42867 9825 96135 40063 33920 20877 1731 2898 36382 49490 29983 47876 13466 76546 50484 21882 34297 61152 14352 33672 18790 89204 89510 59477 17384 9412 69774 58391 64242 90749 27466 22962 99741 30166 68325 74060 58244 84704 86459 96785 10167 6000 78425 12827 86214 93704 34469 96151 92114 7348 47516 60416 62493 52690 54048 89350 46928 4540 24526 37210 91881 69965 13984 81908 97766 80603 33851 42017 61645 2957 22811 56598 215 20025 74212 5228 96834 82711 55510 91120 83243 44665 95048 34478 35743 99731 82982 88854 72000 67712 24102 72432 82901 46737 41122 1697 796 69262 55730 53745 56328 59069 27195 50547 60112 79124 43869 60591 61993 32298 2342 35047 79165 82182 68797 77668 94550 37490 36279 15257 89655 96421 39069 2853 38881 16651 73349 78762 21853 5470 33180 60322 56952 88560 89999 4663 38802 82911 49733 37860 62556 23350 69741 30341 39891 95021 33535 3229 76719 21280 82779 16387 85222 73773 18103 86457 67364 52560 86553 21773 96316 2867 47252 37882 13162 869 15611 42777 35635 82472 18301 67913 68859 82349 27920 81675 2257 71208 62135 47187 92302 21557 87853 89863 75913 97524 24738 55797 39728 6704 16204 3534 12214 26931 43469 593 55220 24409 21309 61602 98455 73714 99446 85331 99828 3225 34671 92469 78539 76262 45279 73809 62179 11576 63756 93514 90299 74935 33058 43660 59786 88205 59189 35719 41603 25622 97574 8809 4216 28468 57431 82381 87768 61302 8919 31029 88421 68782 96908 73405 5144 8562 33620 71850 38959 70611 85369 83939 12165
838 181 4708 88180 72412 68420 56546 52626 74238 13610 5527 48556 38743 73590 48994 98513 88445 43325 12274 49265 31016 4622 39293 34241 59254 96241 62764 63818 7935 87341 67202 57887 26847 34316 7105 81006 79218 21448 21661 24487 63037 39433 19087 14656 49130 20533 22157 56878 67213 23938 23760 7352 95739 97172 34933 4787 12147 23921 68226 33994 46187 89339 30935 6698 19962 22497 20801 71130 58160 55579 23703 60432 82534 42845 16500 21005 77693 43081 38508 2800 93758 68128 48485 56369 37099 71122 83486 64831 46653 94333 2594 71555 87175 80788 59828 14487 14605 7242 60957 29629 33594 7483 6305 65223 7648 29518 44645 86903 15425 18948 84415 11647 36669 8274 28372 1275 1360 96815 49060 42885 2949 4419 76887 66966 24460 25964 32696 92499 94682 81541 65540 75341 45630 38439 28599 58030 50798 39176 87410 76602 44564 80109 5308 63927 17880 74523 7883 29372 20262 31550 29969 37487 80587 84612 24780 35262 22670 37883 47551 55671 67022 66361 22875 65208 11090 95311 59221 66911 3098 91019 29763 86187 75738 24162 57308 4980 61254 11178 23719 17342 60001 84864 70597 48412 65682 65740 78735 41834 54614 25187 4727 6270 71052 18615 21912 81270 82771 3087 17414 74747 29551 37742 35571 56142 61924 61859 63757 71040 71813 15940 37962 71204 93479 99789 45567 10927 79282 12514 62881 61500 28866 16121 45780 84467 4737 37703 31754 28345 59233 14403 72277 73012 57979 85772 25082 94715 33351 34424 8540 55873 30605 40775 31591 90935 37328 35402 83459 41132 86522 58791 18770 55234 13835 38692 82563 33837 30396 91351 78315 44037 11428 53094 60664 70003 10486 9759 48573 2483 58455 17605 68471 31506 58684 30509 8022 92920 82444 22092 94648 16355 46538 82312 29343 86793 14018 7444 94732 51950 20048 77831 23038 28544 71056 18557 10494 27636 52823 31550 14007 41616 17693 87266 78026 30951 21376 62400 17343 76342 53190 82724 6136 25028 9045 69686 81215 80177 69488 64242 63332 39331 37273 24846 54838 13050 6189 75427 19019 79414 30430 66044 34940 84142 292 43964 31953 47774 60863 10755 31371 30703 65701 42465 32771 64132 56234 63201 28497 46110 40640 21674 31740 78053 46415 99237 45511 21989 21969 51940 96675 56561 23036 48042 76233 8547 2824 21122 10141 21692 16415 51368 21248 97450 30515 745 20242 92697 94681 38690 85693 21122 2198 65929 55375 54662 66159 24214 70007 15422 69299 30569 10564 89302 17467 19444 24403 56306 44568 38825 50859 95704 73813 69816 21681 41992 49846 77597 27283 64239 47505 46007 35175 54088 43927 54125 44913 61581 49167 79109 18402 73863 68092 91438 57067 77186 22561 59438 31004 62213 46803 1978 82642 62858 6502 24801 51424 91298 70274 18691 55211 32119 78855 46061 67524 85180 55914 10146 10196 37529 58394 32854 1145 75893 18619 18396 85499 50340 41773 40634 1295 65546 74857 90107 94543 26758 72974 43201 39552 74587 2876 89586 71291 80374 18791 67600 95437 32406 5453 66784 10864 79664 81672 75523 6597 13507 93592 47480 41173 29464 55797 8811 9722 21660 77444 99431 43028 74975 38751 95683 25726 45624 59629 32845 39813 46010 23242 7634 70208 7212 75670 31903 62460 20286 26901 63091 42260 72834 6130 13654 36215 42906 48037 7830 77661 10828 76349 40848 85297 57278 34562 93910 55584 7498 88651 42255 76224 85814 50530 19280 34571 5748 71332 5467 9124 50536 18679 39005 67189 48302 62477 51699 66165 40234 99687 39107 13067 33302 63984 14901 36432 11666 99577 40276 41336 89573 28728 3259 67648 46474 73861 46610 41287 15980 30675 46235 3401 49170 48854 62923 63268 96016 5148 85027 97085 28524 10291 63017 75483 6209 66014 199 24745 38209 71295 98741 27164 75555 48028 29528 41962 34537 4259 15118 48007 53890 73169 43501 38119 55647 50330 31447 33746 25364 17769 70220 34480 46921 28068 21028 7012 33205 49688 64609 81730 67858 32087 37278 69567 85167 5572 23602 39351 98848 53070 32548 38677 94713 38271 34379 64121 39008 32998 54607 85309 91818 76359 62674 80321 87704 68765 74601 63178 89358 5471 5848 87373 19835 11897 54316 58961 71171 60312 25200 39147 78345 71784 30593 12859 39966 66539 8736 18876 80929 79415 76746 95912 14279 95905 48519 15405 44187 53841 16425 66242 89134 92401 32575 42013 59295 62889 39791 24516 25682 45492 51934 14615 87569 49092 6855 70073 96206 56520 56942 39178 92010 19935 90180 42549 89845 74181 83761 50789 90533 4610 30767 25965 8186 24825 55346 11064 15062 98770 45570 41166 74171 30488 1120 47181 15536 95466 57506 87557 34552 139 94796 39085 73983 97165 85721 14636 64132 59113 83469 54 3895 13586 44865 57574 60050 5465 60036 23683 56247 12709 16332 99709 73565 77631 358 74571 65158 11953 99622 30809 56255 51335 4312 62929 49832 64563 1963 92290 55269 88718 44971 4393 32383 90521 6108 36237 98997 87701 66450 67417 53278 95829 65786 55790 66671 58394 66152 15362 49204 60989 64816 13335 6909 37495 29128 67562 27540 38240 97657 58209 97500 7284 5832 27767 22831 19625 55297 35223 42292 9714 59064 6640 42903 58352 27053 22077 46026 17121 51452 60462 39706 8023 19406 53231 57724 54661 56382 77036 8434 17293 72117 43563 9030 13124 17262 48470 56475 23677
149 127 8045 76882 7081 57395 7764 18637 91619 74611 77770 53713 7571 68307 43606 78267 20119 43006 32352 92214 18865 68512 89111 52854 66952 60545 9195 45200 16159 30178 75111 82786 52074 34076 54997 39500 28642 55003 56895 30498 24169 69609 14544 27929 88249 22493 47325 80399 33153 29777 43072 91304 66373 37125 63433 22562 94495 29500 34350 84105 19934 11528 29746 75758 73177 40327 15522 77924 55932 87407 1014 46972 255 11915 95843 44500 5726 97500 36253 90516 69169 18292 67159 97387 35257 21231 77402 78039 37341 7044 66224 48525 76516 799 94178 5268 14752 85609 42726 91472 26831 95069 8950 6855 76099 84891 17250 22938 25349 57171 73180 45168 39769 33132 35802 50903 14395 35681 14664 89511 99368 16243 86001 29676 42612 1746 45507 39175 86789 55748 14287 47468 73705 93414 59047 29494 3857 29574 51544 31590 72626 21713 24052 79924 89767 60958 90256 65837 18101 20193 12737 7754
523 291 4487 84345 99232 50519 35124 30892 73216 25686 21701 22 72166 80629 77824 70540 63703 36236 28076 43235 669 80314 26326 42419 26856 48491 3893 68785 75272 15669 61957 79650 63020 47294 51680 59103 79335 1802 36786 9076 73290 17775 75788 32715 51826 62228 92619 15714 2063 86080 91331 83301 65439 58041 88396 56961 45899 65481 67758 15595 76974 50167 12243 66871 77478 67551 54962 88033 14719 142 206 87977 76490 72286 4581 9243 66472 99295 75050 67803 34432 80561 9230 32956 88669 94649 46133 99284 86888 1535 93851 41631 50470 20495 53857 11310 34390 28337 83254 36716 85661 47581 9701 88585 29444 39939 43905 61241 9032 88643 77368 80536 33973 69416 36184 82011 93207 51723 71131 3736 44627 6562 19352 27620 67173 21634 95978 47819 6910 6605 79705 32022 34940 94968 82452 70363 38314 39202 45023 12268 64790 9137 90474 64724 77485 31443 2268 52799 68049 49805 48037 25002 46080 32 4820 17635 36432 6299 57296 68891 70939 54562 60337 65373 61610 10549 50958 56468 55906 37755 24992 64865 47711 56030 77978 94848 5773 5888 86480 31803 15883 6645 97870 29219 59689 15479 6888 19159 18831 63658 22671 70579 59763 75591 62029 21443 10918 42818 95971 96145 25082 29011 2048 25855 29115 30371 18557 63717 61570 90335 71512 97204 57608 50360 29315 36686 87407 50263 76209 55025 25759 37639 78164 68302 44815 43128 9951 23061 56135 56330 44897 57517 54166 92131 96410 81994 77453 45811 21597 45748 15893 97757 28905 35974 35269 71318 81997 64596 16211 47495 82352 79852 82878 56841 77947 37809 77891 32437 17343 46621 60478 20874 92949 49527 99783 56696 94915 92902 25452 9701 97338 12256 31935 90790 92143 68621 27961 79340 42003 7832 48708 64990 61073 71179 76903 13835 76319 82713 20552 64027 17346 17080 10335 28155 41474 80935 89842 97520 56147 88506 93451 74699 91817 115 2158 6835 79589 80489 7717 86278 29669 50054 66427 75078 3867 73049 63784 69501 40288 65758 25903 11705 59741 37090 27183 1808 7595 94907 31044 63703 78004 4429 90600 80017 45842 18305 5181 42952 54753 59182 85026 3240 57232 98623 94552 81936 39844 75683 74160 91558 81499 35837 41662 63156 59563 1560 46953 44641 48519 44747 68569 51053 48826 19105 6228 99863 80912 7354 38690 49078 38763 53399 98932 23386 59701 88020 54612 46072 92478 98319 1898 2322 98853 81449 34266 89347 36098 13036 14941 99416 93107 13187 68079 89624 28078 30124 88104 29822 64031 92740 13473 82386 9193 4952 98840 5435 32932 22019 50936 38262 98274 439 41443 67132 22546 32729 72333 26081 16524 71885 80994 41298 26249 36953 90278 94591 65783 3609 84066 95434 16156 31620 325 62379 47204 290 8512 17232 90395 81984 45371 20223 84754 52063 91125 44050 11490 76134 20639 12337 31179 6970 56724 83914 68801 5343 1869 91642 73600 51592 67537 35326 33788 64653 51239 47523 77433 65047 349 3527 36898 8183 5649 64286 36813 79739 753 19255 34169 29776 29269 33748 75933 61296 34966 29002 65660 84023 67553 74565 44412 74260 14931 20214 81048 87051 54601 37372 54648 41683 54836 21107 66740 45418 69652 29025 94976 77223 12005 24192 19419 59821 15683 93481 31922 26007 11515 18467 95375 97800 55155 53800 90077 14522 70549 91963
321 9 1474 31179 29524 84252 7247 61335 83678 95748 30313 83746 59018 69657 96608 48232 2711 47016 44143 61679 68601 45378 15035 35767 41656 76283 41349 77870 93181 45913 8588 41789 90816 63223 64499 11643 36217 72107 52285 69397 11069 21566 33456 10142 83150 17050 14250 54934 42049 85085 91633 19523 88295 44056 43003 43974 64119 97874 71824 51275 9367 78531 56072 73722 98099 8256 808 85623 80914 3258 56324 47022 69623 37433 49725 14477 5385 5348 97161 40233 67795 66659 2285 90681 1065 85631 80417 36638 10316 86634 87023 64236 28208 8489 63607 58015 63633 53316 31461 38862 80556 52475 48088 3064 57184 28885 86495 20792 28467 5513 8449 7832 42182 46682 43885 4997 34073 4731 23537 71635 18184 12185 40095 6112 82253 58900 56982 92803 51140 67793 4003 276 38499 30596 76064 7057 4128 3562 41016 58159 73114 15279 16832 36052 294 77318 35271 53823 94354 71216 77107 53476 76930 79165 83746 99868 98150 75905 50921 32359 93009 96350 42665 9056 7527 13600 33038 97522 2171 13278 44197 94446 85668 45047 75079 10009 47765 23997 71640 78411 3804 83446 3266 66299 7056 24281 84270 26958 14975 41344 46675 75774 2984 77625 80030 15045 6380 4456 95320 48383 99811 21867 65902 6046 91775 16571 28370 52087 67221 80499 40754 39525 32111 60206 9571 51648 27915 66972 97807 66827 3875 50808 14346 89279 12912 71017 52515 78656 66351 14716 52358 24647 39367 89697 25352 30623 19452 50233 54512 82569 93833 22797 92688 21149 45561 52755 53280 82979 5538 57536 36869 15959 72475 11462 77244 63219 86273 97143 4893 43390 33641 96386 15911 82572 79194 13271 28070 7326 17485 35058 10476 15152 76057 51516 93019 92502 22183 34819 76452 47858 85470 9126 18712 88666 8337 70748 35685 13887 334 59043 9724 90161 20057 49778 29905 2199 64617 69391 26724 83114 92688 14618 12870 21570 94553 34695 90456 84281 99515 50212 65649 14186 87647 82426 87006 26704 55444 36648 17935 79408 4187 45779 33296 88440
891 857 8094 2998 40057 66070 98349 98934 90600 47535 48598 5955 38283 16430 71510 43532 93860 11668 62191 60548 48539 25678 95128 8015 9174 64866 76861 4503 15372 11907 25174 6078 14207 58812 5147 30418 87848 8246 5893 82441 65993 40485 89610 94259 68498 33876 89747 33167 26295 54939 58576 60848 54899 71067 92329 77694 86216 4070 17032 30617 38223 51765 87403 46133 36519 10737 55905 95335 33988 94750 19910 18948 90614 31076 84634 18577 35591 18487 63347 80653 9369 48166 24309 41750 12114 3703 82612 46244 95372 26261 66915 79741 82310 3447 85717 62132 25240 54861 86300 1326 29743 843 43628 47221 28269 95080 70805 45593 26562 59621 71476 42004 62094 67027 1456 92353 29254 85287 17339 87040 31430 39490 12573 53155 11222 7645 1152 70436 39021 36328 46686 56408 71234 41332 54682 38438 94513 4628 81989 24409 88412 37656 31426 92005 10864 35206 35166 57133 72943 40556 42029 50386 87460 67278 33675 57529 76122 36219 93946 16273 93920 47521 86836 86314 30269 73883 93736 91511 73525 2373 75596 77687 33892 2061 92436 22663 43845 23112 82286 17549 61931 88580 35833 55354 38597 81979 3611 76508 98247 3209 78470 22846 56917 11536 80838 75427 25480 25188 89888 46908 51510 63452 70690 16337 45874 40300 22086 76447 17431 69022 60005 1116 67327 45647 18187 14369 162 87259 98881 21079 40627 96878 69091 92908 25543 86433 52809 63830 34794 25743 13048 53277 618 2130 18764 36444 572 79854 49463 82936 95897 11173 47099 57716 52213 65854 60400 49964 79730 89612 15384 98706 10069 21462 34168 77881 68900 69016 21030 40706 94371 95273 65727 19739 59789 16426 32073 64888 77168 76882 36598 13603 60815 40395 98287 77193 37690 22398 97137 54845 23445 54783 72662 81872 68987 16345 39262 94358 8515 7516 44763 85158 16361 72061 91585 94551 72661 54092 57947 50296 3943 80261 29286 18251 51517 79616 51877 63987 53474 98091 16855 95741 18729 22905 97377 33406 73001 63878 94978 60339 91266 18256 50494 19475 78067 65229 4868 9084 37227 42587 12604 88027 81541 89385 44542 59003 69019 26372 26714 98879 30500 93734 24103 73262 45049 12368 44301 94578 63564 274 79625 81830 64012 80345 8360 79037 7858 65917 55500 71791 37790 14714 94474 68557 21544 16801 27961 7641 10849 60059 26777 20485 1286 34168 40784 6628 72745 57317 10337 59458 43915 6577 94622 56380 56224 31080 29275 1307 50367 46008 57518 26579 68713 94933 37775 63646 89466 52962 90168 3854 75197 5336 3708 81216 73003 49627 71338 82729 34522 54183 66894 7636 52574 71384 28194 99086 15244 40777 7229 80964 90485 85271 57833 69333 9503 34856 37486 10761 93223 37082 37896 37146 75973 38071 7969 21577 51112 12482 55916 79217 16776 47298 80650 30995 39944 93887 21478 32254 18338 14747 80773 60965 75618 37188 58805 96167 40881 63539 14315 48700 19592 64970 72729 87045 11529 40778 77297 29156 71598 59829 52229 33736 79560 3657 5349 65757 90911 61376 20602 45327 12262 77132 1292 31954 47101 42006 94025 30866 63712 7985 46768 49455 46287 29561 97927 55411 21552 82399 87533 59352 92321 29292 1643 80115 66192 30602 69535 27702 3511 81993 13405 30996 66197 31032 68952 78473 66996 96272 8950 51172 5208 23328 22347 20547 60364 51674 8324 8978 28682 80183 2398 37437 77630 32373 19926 44328 51533 7863 82155 80002 17124 79897 63673 80219 13664 2373 28989 68401 14635 64192 38338 45566 69201 96268 74240 1980 4165 5757 44363 50856 84687 66741 3092 51227 17447 87855 81141 88716 2316 23719 90253 62236 56840 29313 64266 58888 63937 70787 48405 14962 49473 915 17510 31943 91305 16122 9339 23381 38267 89055 39117 44252 28180 54409 41012 31046 34109 23815 49665 78041 67100 28983 51088 1874 27486 10611 74380 78236 65988 83222 3420 80153 33635 40334 63385 1318 87033 1742 80741 73252 92357 40902 1395 38860 85716 14402 20257 22523 13273 78723 17390 44199 92043 70374 2672 78592 90059 72622 37090 44151 48628 26698 30028 35205 84353 39589 97784 72886 44690 17621 79881 6328 44222 34693 73205 95870 15128 44903 2070 43759 43284 69873 64049 89649 24964 22131 96007 62578 82394 55852 98290 7241 55548 56988 14772 39447 32416 31597 58901 38899 80107 56586 98467 2117 68945 12785 35176 13384 18782 95798 83047 7139 8453 74497 50717 61549 87743 95245 3619 22159 74006 93735 71047 39721 16361 95992 9533 35173 13145 390 47614 97181 4739 25655 58535 28441 96966 11849 19661 64841 19464 87034 93430 47666 12985 52923 70844 54700 35835 21575 62370 69540 86878 19294 84431 39860 60164 93132 85055 54143 72551 3985 55221 66793 11471 17422 44985 34959 28555 35349 96367 23270 12066 72512 997 53161 9088 73179 74875 83573 45227 69630 98341 65588 31287 18767 31240 56294 95150 23333 9626 26340 28099 1164 36093 712 33244 51725 75280 57989 13643 93962 29322 12033 25785 18264 93271 65326 5368 24520 90787 92959 41032 48042 13870 54111 90150 49912 21621 82541 50848 12190 9751 89260 95412 15892 45712 87156 27734 72871 36847 5058 58670 88294 43485 74718 23903 92637 77815 28110 69676 358 90481 68917 2260 37343 52414 25444 12899 77050 2117 45622 27753 30397 67147 73723 79337 36635 64055 58309 77813 99487 11003 61596 46739 55505 94862 53984 51324 33235 48319 46499 6300 69592 75649 13034 872 7453 21411 84728 33371 50768 18900 36367 18557 12509 82602 12230 40129 6698 72024 28037 88934 9042 33497 53928 88845 51072 20565 72737 22792 20261 67864 11700 15590 39134 17876 59172 9507 76546 57981 38122 33800 78138
852 169 8807 77781 35081 81500 58688 10111 34232 36252 3479 75042 70939 4518 96828 9210 34933 84938 17878 18397 412 40695 78362 33953 76818 82673 51983 1310 6960 19540 90777 22299 56416 8078 78161 87860 85614 5317 80633 1838 50718 91852 12651 38729 63804 96999 91371 34311 68231 18090 81537 67385 4292 78074 21233 58957 26330 75798 42365 8873 16783 11844 26895 41540 90291 77539 55590 8320 55028 97562 91282 2793 98225 6455 42346 98880 74282 68803 37077 20719 9945 93519 71137 37386 99044 90337 66521 69533 25367 82911 69331 92894 22855 28343 70756 84703 96082 23166 89386 37787 85433 28051 60058 99014 53938 42933 90444 96755 45457 34942 86136 13533 10446 74062 17648 94005 21884 65722 99192 95792 96954 96225 4650 10634 57048 24470 77684 80027 3240 31398 28815 66688 10136 41608 23504 98077 50762 11103 8465 99173 62062 35268 95977 56847 46890 76168 91053 80499 82093 33154 28101 91608 90008 12482 71805 42265 54037 78935 9017 76441 63190 54088 39729 86563 81924 31383 14466 34137 30823 643 48050 51638 29788 50267 12921 87257 87598 35352 22186 41502 10555 16445 69127 11829 59062 11043 62150 37399 33065 24601 82066 6898 85919 13293 30383 17177 99570 13329 88159 29938 49934 47526 65005 57496 87324 88167 28387 56552 83242 88990 50879 98525 79094 81293 35524 75491 88141 21600 61014 84301 53472 29389 96979 66473 16275 55990 78985 19546 56218 43749 98113 37648 34160 97382 80323 13450 77401 91787 79397 35810 97059 5783 88966 66687 90211 56752 41766 67168 85477 74195 88696 19903 81285 17972 38414 93646 43413 8438 87840 12609 72032 34420 18340 71287 78690 15104 22907 72401 98630 37269 24822 26710 98755 44065 10621 49875 83748 66837 21183 4050 20610 93319 10480 48476 57338 49212 27887 70382 44910 96056 98199 17025 47546 40861 26610 16848 45054 34764 33354 48791 45500 40801 61868 57153 26213 92809 18973 29735 85640 63245 41179 47477 72745 18265 40016 94306 91807 34387 20896 51681 82297 65304 34370 22129 40135 9045 12059 94009 81518 71919 51554 24722 69404 23056 27477 43496 6228 18717 95371 58519 13039 48991 47607 31292 10308 83803 69257 59845 74583 69712 59745 50994 23417 18185 94779 87815 97879 97081 2276 89932 85803 54490 14015 99615 13760 1050 7457 9519 42271 78004 24507 42323 63810 91653 93115 77996 19682 12008 3489 43562 39209 88673 15746 37764 20402 38541 99914 90465 74494 59070 32513 734 21816 74105 43560 85448 70384 91752 26761 14498 91188 79846 76082 505 46007 2933 61816 14166 68024 87352 88799 36429 33737 3926 20534 68078 38501 68997 51918 65619 18327 94306 27202 9133 2545 48779 23696 18217 38329 27172 92791 14967 22706 92185 71044 95393 1299 10162 83620 62058 93779 39014 28396 66191 53913 23589 36738 72319 94560 96984 94487 33677 34732 19359 18201 36569 12291 48182 83149 65436 6481 84645 38239 96239 92304 55418 37491 3804 13255 1241 11608 77420 97565 92067 69265 74057 77193 84675 42544 60897 2758 7195 59117 88680 28010 81618 90179 21573 23585 45460 1184 11667 10995 68133 11899 71895 96075 68509 98067 44363 95112 48678 27601 56014 27363 50425 36443 49492 72754 96722 71578 52460 75088 21078 68910 13632 75980 60371 89543 9755 15463 47805 72759 85982 90874 53245 78373 54125 2271 32612 41452 46029 52049 48505 49361 67306 49221 73802 75665 96196 68411 89538 60813 83195 55095 2057 81367 25036 23542 31923 59146 24611 29840 98562 89606 2869 9076 96830 55107 38976 65910 67620 49315 40613 64739 6818 74301 62986 55124 15433 31018 13333 45846 71467 38826 11916 6516 73917 7558 74724 92458 47969 68655 52285 84716 60653 68175 2981 74583 47291 51831 22365 89974 90850 40325 3377 2557 10587 73419 63649 64345 95802 10897 16276 56712 68500 4696 55198 25736 88032 31792 78854 46448 94218 78943 22385 22396 24734 22558 51375 8168 26063 85105 22187 25753 47553 36269 6069 48722 75608 7761 90686 16018 94172 36513 17584 92417 73713 99484 44119 42716 35134 25834 93486 4597 76446 64328 64311 99214 75064 52444 78657 98488 54826 38311 76213 92047 98435 447 45146 98557 66996 7306 11325 278 53816 86367 91037 54240 69107 52430 7691 48444 12599 53634 76477 64778 55092 5819 87345 74388 20772 15676 97542 48288 78603 16000 69096 77510 20850 90130 43920 80111 31801 37705 24181 49306 38368 38178 65787 43622 17962 93714 25295 2961 68537 13044 45948 29943 4766 54270 5951 93453 3825 90155 70823 15444 85148 65632 99013 14739 3670 3325 7389 15565 19036 39481 44837 45643 23092 96511 10148 86462 52242 54834 94807 13005 24964 78973 99011 28436 1278 3577 96231 39886 19696 25982 78264 33479 95265 55534 23892 58703 86265 22720 27513 14009 61579 75630 46251 11249 19731 29297 48097 53973 91112 56407 67750 72715 22334 7951 15199 71528 33214 83719 68540 57253 63828 3930 96311 12567 42406 95131 90433 66738 29899 42669 88440 80131 18333 75794 73293 83953 33559 82458 93762 94228 9397 75607 37536 87527 23411 10456 57191 45698 77749 10748 4754 98498 67443 32740 30566 61263 10991 8787 55230 84029 82675 72364 79634 97055 12868 39024 83365 56504 54104 26793 95814 47253 16891 91778 24143 25494 83973 90118 38192 9634 35007 36817 96869 59676 526 41546 36549 71051 72194 19573 67020 25401 96102 99412 13714 1221 69097 63361
912 71 8789 65115 45629 20116 84142 11784 55760 57900 31007 65776 19391 78246 55543 64409 61475 90080 23036 48948 48223 23943 11017 96703 91548 74740 8009 60122 83907 70210 1370 72461 53293 31466 91989 76413 28392 96342 778 38650 93442 70506 52499 54698 75887 74838 88859 85158 80645 27879 36500 31484 69851 42153 97186 46858 50327 32931 22751 41979 80736 74003 18316 99859 69794 57043 54428 6045 89406 24026 43639 64942 91665 50564 71106 85911 42027 40471 15842 91246 72783 67944 63749 9651 53753 68090 16204 21697 42041 92218 32642 85662 86483 51807 8156 71557 96283 18025 70005 55430 39286 77404 41942 11490 7958 98295 36478 18384 45242 93559 78093 6859 57530 42361 20915 45918 67370 22461 93654 36042 40133 70340 51658 81561 23500 11854 64133 43481 72368 7682 64321 2957 73823 64359 90120 63009 51417 52551 7635 55647 34657 16900 43851 32105 73382 29390 86790 99425 98685 26147 774 65047 80624 1478 17108 3106 9476 1808 62775 79103 37762 24269 29994 96855 8441 34811 59560 22812 7179 91098 69230 59060 16105 29071 66450 77309 60995 36099 11241 98581 59219 11943 95703 90792 24885 43919 47156 38531 78717 88715 47719 45343 13684 99374 44534 33437 27301 88344 67437 15181 84975 71708 53100 50499 79103 52840 6951 7020 26971 70970 16028 67991 93595 52592 95101 72888 29267 50790 59087 92804 78129 82291 14657 40127 47108 89390 16708 43872 76323 47865 4619 57981 22029 54858 50246 97297 52595 30376 83276 37393 16825 92410 66933 33733 80574 31698 56483 95477 75525 56763 7402 10053 34749 678 52607 79759 57550 85876 44117 10756 79740 36624 11788 23498 40846 36052 42194 8259 29219 8212 67776 27632 37955 93347 71847 69021 27366 77146 58989 24948 39962 33940 92573 31434 9370 7767 57397 99850 39248 2491 69258 82368 83154 78196 42242 23771 73374 15949 74310 26139 53903 54758 59953 15997 29637 9445 34639 12664 84324 73501 57612 83248 12824 94412 29980 65655 66098 95396 98478 43929 33881 72465 63797 38251 98706 92789 39169 90110 37843 42975 94887 31063 16140 82092 44032 87431 11629 4670 56166 9530 85880 84593 63550 71797 66838 70260 48927 27249 97405 95487 77439 40728 12451 58973 41370 81774 50751 4606 21999 43404 43295 62115 73266 42353 8801 5535 62327 40476 40528 21757 21932 36046 85751 89094 51320 89290 19056 27842 27853 50098 12276 10723 19243 60943 81654 28066 38762 2216 83801 89816 1436 15826 27503 85027 51729 68068 30528 35335 77968 57474 89980 30370 84829 64274 51743 9940 65704 67474 44736 98274 57589 44229 85726 42393 83231 21328 1702 89815 46120 88926 10574 76526 760 41994 77707 38223 18978 2495 9721 61692 15005 455 96306 59661 39619 98930 57526 86196 75983 22961 10713 2410 59993 78057 19711 45084 64369 33155 28795 71890 81814 3291 69879 79136 62007 77868 44549 61921 24586 81786 64465 62302 68465 58595 86541 77238 97358 70441 96743 12845 80626 65827 24433 70463 65601 36690 66443 59981 49718 45729 99292 3554 66318 99124 66948 77924 42942 51007 55059 23588 94969 90954 69037 43931 54111 43685 26476 32171 16548 78090 73097 79025 6282 17151 99551 56212 91509 37711 89312 94800 6552 3086 12104 56022 17122 91196 2798 61452 26862 17818 99325 62883 21608 75074 56078 76020 19498 73680 95285 36309 27318 80423 35730 61476 29803 69116 79285 64046 62172 82511 18010 28231 64797 97920 40784 56502 87167 93074 92970 68749 13778 84617 81649 53413 30512 62440 38176 86635 57417 41578 42487 66747 32822 56653 2663 89863 59659 41046 54809 80453 14667 48178 50385 27837 74600 93326 71107 9893 23305 31617 23454 39675 82251 57707 19852 14573 42417 7973 96931 3680 29799 37909 24834 14700 98360 82704 79349 80904 94694 80590 75016 57832 87110 10246 73939 45892 9724 29732 80774 30397 37340 7265 61093 39121 97263 82597 97394 90477 68419 13916 69129 88030 5896 55296 33540 22858 62026 900 36193 99053 11335 28710 3449 27760 32500 90395 60670 90162 71010 95409 15297 80999 57967 66648 36677 98475 93419 96149 64294 38203 21095 32658 67943 85734 76284 6629 98146 8887 13600 67655 31945 74223 1012 2718 70050 53840 11149 38729 37494 11239 9861 95703 83992 83252 94782 1237 23062 725 58812 2487 17135 64855 91310 88353 31711 74883 78702 6078 96231 23445 52942 99924 69518 26149 17745 87527 71304 6302 19714 96016 67592 97704 68466 5360 66155 3036 81002 25391 33102 26472 2672 97161 47068 16357 1416 98858 51628 60941 8147 41600 82640 31923 47294 59159 73734 66059 4129 88069 8630 2409 51572 43827 71082 2267 8686 57958 24308 80140 36840 13183 71881 72543 18405 60488 86981 42742 87896 73771 93800 83530 53127 40229 95828 77889 24647 73889 50134 77560 41553 30381 49879 95971 37973 87929 63998 3455 97605 14677 31089 19991 35654 83076 46549 19263 29688 11253 54117 7475 79807 35879 19082 52129 36387 55251 47027 72728 50304 12528 85081 97257 18020 89137 71794 17283 37011 97881 29205 17959 99880 58245 38453 23960 95896 18961 56642 30749 75248 36285 64117 83778 19360 18523 34113 93085 62047 40280 6589 28146 12495 50668 69617 27619 21434 28543 98835 30888 38921 42218 73654 1335 72885 3076 28793 79711 94553 42614 2107 30621 47117 8623 7277 77885 92702 42419 80894 11929 34241 54753 21117 72679 77494 6808 31273 54570 83665 30249 59120 27353 22435 83470 5203 36888 46625 53042 68334 46086 78582 3456 11819 24909 48934 68111 71760 97536 74426 19817 25258 39843 1267 80835 48499 9442 68119 31841 6341 18435 4951 54928 19720 87470 90133 77242 5926 34515 59193 34904 64857 26730 59906 16429 99106 46526 53077 65610 75140 47327 52185 94032 22892 76752 12666 69438 56495 4176 46686
371 95 974 91562 23371 65477 13856 75381 36265 65184 80025 98124 32239 10741 16120 8214 57168 52499 93102 85447 66376 74115 36921 79491 29682 92802 68261 64806 9939 45467 85677 5355 93113 74793 5172 84095 79364 68936 77333 46442 89782 63895 17199 12775 39588 15182 21696 42981 61830 99237 80023 92272 3791 42427 2863 15491 67133 21446 86594 50947 54492 99799 82373 97129 55812 1669 82354 28301 51849 37805 77768 9503 95104 73375 9013 68328 54734 8673 35787 65824 2985 34326 61996 29603 55935 37289 37611 89123 79231 12389 74673 10133 37580 41406 24476 90210 4764 58113 94424 22388 29048 54451 72144 2802 59361 84344 54552 45595 21431 45288 39818 43780 60761 24140 26905 3093 77934 9273 93283 8464 27591 60908 96895 42503 96188 94988 72666 83075 30734 23484 97845 23318 25297 78727 68954 72544 15856 15605 72650 62045 72935 59784 72338 31742 55969 91837 16147 22882 56410 55472 12730 26585 48268 2399 84394 61039 96485 45900 7041 8802 82386 62670 26599 23967 77586 70315 10732 85893 68525 27876 68691 51429 73109 20196 42761 99712 54566 30864 96473 30486 42204 37435 8952 26319 26609 63404 98101 3716 56502 15417 42957 32204 1097 95821 341 37598 52683 68493 97784 44572 88445 26478 81290 49093 20133 94240 80614 83983 30187 21119 81292 59181 67449 70298 74752 45302 29556 45472 29986 44348 23371 62417 93349 5455 44328 19452 93393 11236 82859 61526 1550 69440 16827 62648 90572 43983 11451 78266 16612 30491 15028 82310 75039 35279 26253 49036 8465 86938 64221 43001 29915 65597 60703 44430 84039 16881 56626 51975 78239 6275 74113 91398 51062 76420 62991 24512 26194 26999 56071 87843 12506 23565 5656 53434 46196 72661 45561 34037 39117 61468 93529 91608 89020 92218 62245 11546 29897 57547 4738 86243 73742 98160 41899 3881 80318 1505 31677 77995 69783 77724 11478 66712 68279 9646 16278 36385 8876 44647 20123 60682 34469 54496 566 64188 60612 6387 6265 79702 72819 13931 10104 31039 67053 42715 78337 22003 74044 21804 18695 46908 23061 64474 15465 84691 88397 54485 51479 78262 17832 29789 6109 1114 86421 2358 41248 69189 68646 81581 35584 69307 68391 37578 34702 50174 56103 77308 41850 55130 6777 63598 54480 99182 8651 6349 25307 4619 86584 27611 52839 76128 35154 4926 53743 742
375 335 7306 34966 47417 46279 63312 51750 41119 83134 51567 36491 74692 99782 33456 87400 71864 28433 56880 79076 44424 14018 51606 59772 38482 48900 8010 38597 18188 36651 45155 55656 6096 23955 59361 79924 63089 39616 43760 93099 74818 57157 51864 93550 82210 68409 44505 40027 95003 42797 50446 80201 94821 55689 87262 17472 21760 54152 4096 78433 24319 20606 5128 71876 24255 25748 32452 60469 72396 42865 25822 72936 67092 92187 87512 28285 87147 16372 9523 57840 59977 59718 38862 27706 40873 36687 3201 45897 25912 15352 54400 17590 9889 80510 1181 84325 79374 73030 32346 67274 42208 62738 38693 96212 79263 89165 26560 81959 70845 20209 63815 65336 20043 4357 40120 45383 28016 3472 27131 46328 59295 23818 75593 55393 78904 29551 4861 36207 43693 13976 42655 1832 26531 30364 77392 72710 25721 53804 81766 17720 31601 95804 39357 98631 67408 8067 37928 66257 11370 86113 58555 70854 54221 43100 26605 33822 3521 37993 17947 5572 9779 26484 34671 65273 288 78221 22442 40334 91348 61520 44705 12135 51934 39600 86988 47549 34411 47407 31199 84825 11731 40581 53792 40108 33688 56695 69614 96973 28226 72518 26965 9665 10518 44706 54782 64332 23557 48226 49380 62050 2626 67106 69713 35541 75620 18900 48744 38996 96205 58639 65643 67845 375 45411 27858 11916 60587 26463 6233 98328 89703 87273 5903 88664 56059 69495 41259 44810 85032 22228 53940 60326 87510 35447 83199 99897 98860 67788 51939 25781 1151 89722 92619 87509 11669 1817 50025 18118 41568 83850 52130 42018 52910 43165 200 30633 21802 16244 84866 8971 47671 41024 96532 52133 22682 56264 26116 57303 52195 79235 5396 8604 7666 94311 88149 29254 96509 95517 10639 18297 80108 2219 79104 64340 14081 41582 42829 67863 46363 62685 93423 41504 42261 89202 51518 42448 29686 83328 29784 47798 92660 66563 98973 32495 99383 75348 46279 3182 88570 63858 92677 77106 8904 22234 42715 27557 8011 81773 47854 20334 28722 89843 69435 68763 69067 12228 86241 14985 23079 74453 40893 50306 22544 18114 70626 51328 66436 67727 49556 95552 46156 16983 42069 93064 82991 81590 12343 26858 91850 70529 90184 17980 85791 20336 30586 33877 8847 54536 13658 20447 24469 79110 61046 77943 64747 56597 97965 95305 23239 31941 83608 52921 36651 22293 29867 64870 45331 35270
596 3 471 37889 14434 55982 69217 82901 44406 27184 65783 89931 98415 37447 4459 87687 11439 29208 96365 7560 92768 24925 69314 15429 59809 64024 97130 40914 38388 93456 89933 29903 69102 10181 76314 94539 82734 86768 35863 21871 94529 44854 3623 31483 52417 16082 23631 40727 55836 33340 13927 56320 97717 36701 23463 67290 45440 46687 31970 69074 99769 54019 61827 5301 83853 70355 88272 40642 61180 36112 17226 83575 60102 77264 53450 83955 46867 55453 99281 18204 27007 98671 35267 66059 98638 54863 93239 11904 72773 9698 80207 7783 871 2725 27347 34834 70051 73534 75561 12515 45521 22800 66350 62431 46432 43106 52406 23331 12362 10638 43375 66861 21408 18958 2726 71169 43933 55290 814 52266 82708 41136 87820 5610 27851 22510 11819 64170 6815 22262 6318 97849 56326 41013 19456 16179 22508 78135 52659 26407 9338 50524 51644 43538 79453 63988 70783 48103 59944 23451 72314 99596 81947 45663 18433 85715 7858 10886 91925 22068 81962 44703 84500 54736 96200 91555 44821 49765 6362 48112 61585 24714 32049 70941 65476 70406 76040 51522 58762 46618 87497 44575 80609 14404 58609 24830 93244 68365 30782 46425 80388 34474 17702 18445 69800 59804 73539 46877 24149 93410 81451 7902 53441 14152 87681 41080 47806 8931 77351 87234 27395 5023 21955 77397 11552 4905 25003 79405 67953 28643 20419 130 92791 36779 75499 38554 23651 72023 92490 57606 26882 2090 46438 18202 60976 42753 87989 71170 30272 26675 40314 35609 91582 4547 50789 13864 58009 3151 76213 82049 36748 38307 68946 70652 38558 99432 84372 52231 56530 65565 61944 25353 41901 93210 23274 34627 1186 33617 10048 98149 58758 8910 78552 78113 65726 98997 55400 68063 37385 87437 26596 82023 47383 19611 56489 49893 31389 58585 86754 28661 78800 27335 72785 25533 46109 54934 27775 80707 57014 1850 68215 20132 53871 64664 76875 68583 84124 35067 46269 73656 11572 49413 40236 31418 73894 68109 32117 75229 89612 69269 28865 55092 81654 79617 84708 83630 79270 58855 65860 77167 35779 95239 51180 4446 88329 55187 79114 5217 21776 71034 13389 80217 80584 93970 34066 82806 51148 45357 8544 33768 3213 84302 28914 7916 37020 27988 59232 45475 75300 66013 49314 40362 54949 91157 89911 85867 90820 16224 53230 30864 87454 72560 14388 7179 63289 79260 49079 64193 99174 97633 43864 43131 18653 74337 13691 86398 65241 37460 64925 1598 49284 33510 51233 83150 19504 3000 54789 94170 15891 34597 65569 4577 10016 70099 17943 24844 38277 75160 87210 3202 9911 41943 76415 77919 72134 28613 4271 31729 79131 62788 35242 40980 72197 5868 81490 26527 27915 97358 36656 99968 97625 22186 16780 59060 93827 63571 84389 76930 22185 66727 12735 91657 36212 75960 87465 4612 20162 86777 70153 78036 62287 50721 31471 54077 91815 22141 2217 91894 22725 57611 88623 42351 26232 80418 44751 50781 41566 71207 78420 93858 39787 18463 93392 61161 1942 62972 51358 79971 5679 107 38437 11588 76965 3115 19248 58997 17827 42096 44358 53045 77681 30482 53384 29632 87455 11010 58262 41780 5055 68892 49111 98727 70655 30786 83032 33901 6089 56250 59299 75552 74344 29871 12756 24651 4416 14237 44859 4259 77360 73412 75763 37499 4687 20515 46341 9327 30861 26248 12547 77188 36534 9874 28363 60176 91110 41466 53335 26123 3027 37657 79977 63434 15917 84374 31092 2871 81994 82394 76449 1482 64134 61684 5585 41870 6810 5306 13953 49740 47272 66973 65726 51579 30266 4723 35179 94581 29253 50848 98750 30511 34438 62123 87601 56369 64744 46301 95666 33235 31270 13604 37543 18539 55672 7363 15379 16462 47216 42281 22376 39265 69514 7639 14169 34854 69056 5121 80105 45591 65262
747 440 8045 47830 38252 10708 2739 18389 58026 11505 52225 5639 57428 58854 48618 9944 95803 80042 97851 8661 58532 77341 51841 66907 74480 24981 11983 85486 38826 42823 17445 20425 17327 40915 68081 95474 32569 10304 73155 55809 30303 82605 65924 78335 36038 89287 71275 55964 65743 47900 8727 90958 10805 7620 67062 25385 29143 42064 12867 12283 12672 60455 96204 70183 25629 21669 55486 70648 96857 81710 66660 56174 52222 77687 99134 61679 40384 59726 41782 59052 21065 26033 4301 83395 80646 62857 67981 82139 56711 30138 91313 25711 60856 40697 12042 806 52928 43508 18299 62895 25179 2413 40368 33847 68341 6295 45189 76489 65285 65413 60247 67073 74213 51220 89648 4961 72716 34120 35078 52296 20427 94303 10655 59787 24524 69322 73394 78101 72386 92302 99508 22888 76564 26941 71336 72096 83056 22715 74683 39557 47439 77666 93739 8148 60435 39857 47923 63821 27791 12936 71373 35397 78049 2032 15235 54679 92880 38371 96384 2802 94695 84826 84243 5731 53960 15771 61916 32859 37122 20805 50645 36683 3803 35608 51202 99192 72451 76301 84091 96005 95244 51024 68906 58942 7961 36906 80838 33324 57889 83678 16679 25719 78611 22838 60283 53679 17162 96165 1345 45874 2778 49087 22897 76068 8955 35090 36734 97771 12336 42824 13155 86705 25863 45764 86708 71875 60113 87057 69799 46610 26206 92102 13269 78417 64053 93140 44166 29889 48378 51897 66515 61267 93375 71060 17131 83608 49175 85763 73085 55161 43692 74500 4192 79292 70980 4555 65313 62958 55802 4777 50330 11049 58571 64806 18214 68562 23267 57156 71485 6343 13762 54522 17146 65060 49905 29558 21102 559 5506 61922 58866 68544 49768 3590 5126 21373 24988 10847 36682 68967 67145 73353 57601 60871 42913 3083 51385 75775 61955 23563 85742 64372 26307 28543 91296 90652 35967 90896 89710 67247 19532 79060 62331 26883 75712 69456 71014 51947 45427 53315 99733 35539 49132 20325 97706 84814 80110 29827 56201 61366 35564 43089 52262 5941 41638 37539 54548 90344 72654 8485 23160 32622 66293 32818 69476 15182 99498 97585 91357 70193 9241 23610 2965 39592 13687 45817 29522 63394 5892 10331 3064 4070 35596 75167 8785 28299 9703 74580 30305 75613 77487 56541 22272 59702 21126 68406 72753 34114 87516 61858 68584 54628 1157 52991 54230 92280 6228 77882 79859 86323 9387 60225 99229 16036 28499 7373 70597 24449 62229 24257 31993 77222 82244 93950 1894 80045 57820 63671 64670 16619 82090 31743 33839 63933 78061 23111 3381 59466 60258 13383 85314 74137 15221 15925 18047 34498 67111 2103 31864 75147 10944 70131 86192 96040 18423 37901 26879 45704 95845 16255 87974 43245 57036 13110 18845 9244 27868 84303 90121 84750 1708 28004 22170 50381 32816 5990 21107 35718 47743 86436 95789 40064 79750 84338 1300 77452 15998 94241 40576 6490 34759 80843 80735 88380 69319 52969 3572 63273 55680 24805 86071 59652 2033 45090 90128 86144 88064 87567 86858 4964 13250 38834 47612 16405 88786 91629 50374 69957 947 10123 77493 97581 88730 60832 29986 2520 14044 77323 48814 91266 13781 29293 88452 88471 19005 44118 81597 57094 92465 66377 43160 27885 54170 72006 89311 22760 22363 38599 83983 16063 30953 4287 42960 35668 26228 53571 20331 96182 2201 23396 72293 78794 41290 76991 68243 14294 99076 87072 61335 12523 13300 94846 68512 97268 42083 45327 45813 46598 814 15071 92838 71906 44658 32625 67137 60096 74339 9347 18978 2150 59 75991 6115 4070 15157 48334 22287 32590 50981 95609 85374 11524 45148 6518 42301 84691 7680 61735 72172 39442 24033 61706 29778 3051 58567 79768 22128 52532 60044 44538 31940 21283 9190 36807 14414 72558 72239 60338 99537 86477 95162 79332 2692 86465 68569 49429 22640 45080 48059 88559 98 54182 7718 46507 45326 9349 86314 79665 94462 90223 1083 80714 48407 87723 26003 57492 761 92825 90492 46330 23914 19504 69209 6927 76335 12067 70877 15751 53790 14159 26295 98977 9297 47091 87520 13703 87894 22471 51567 80821 91585 64578 93818 72631 92181 61753 50645 30276 60196 76089 8382 868 29259 77916 60171 73022 82655 3357 68601 92919 32398 22496 52161 56105 95031 98806 56844 29628 76417 86896 65158 9268 75778 10015 42373 52989 24624 32131 23797 57917 73681 31016 21262 18918 69935 89459 97567 12345 83350 78652 50047 79199 93377 96390 56760 29683 97407 80942 41435 42320 60030 73342 60915 53971 53872 86740 62057 64282 58752 20780 16153 14998 8792 41888 69069 81197 65943 22358 97979 33204 76631 14673 6501 80737 80631 20346 16056 83566 27557 78045 4043 71936 58844 96804 8044 35333 95235 2313 78784 7429
214 84 8064 75631 5107 93405 83010 88154 23352 95362 72626 31547 88696 92741 74257 4067 10349 62864 42617 73771 91165 56867 62500 70597 7408 63871 43858 50798 42993 53895 15641 59056 12868 43250 64382 90956 63474 53304 34983 21858 81735 25545 13431 97780 57240 84404 8347 38411 96520 20125 75376 14597 8236 59465 59145 8873 3649 96380 31090 99702 16598 78182 35623 31757 2571 99291 54276 63640 49578 20160 81196 25222 64697 65686 21974 1756 96656 66131 15180 32572 67462 53975 31360 67663 58254 54212 30285 67510 14372 14046 10295 5100 28689 45018 82969 37640 79995 71638 87044 27527 35105 56414 73970 72102 74493 37797 895 82606 94450 8904 97075 77567 88406 27687 9314 57705 11811 36318 22010 52788 17876 3382 56603 43839 17053 65555 89310 16658 33465 73703 18034 20219 4738 6110 88263 20598 26124 17182 18675 96730 54042 70216 35458 86045 54606 91658 94905 39275 78030 88850 84142 60079 53278 51904 72111 170 81468 94211 54921 41411 34057 72184 79205 16550 88666 78859 95938 52613 60902 7324 61244 60535 7135 62729 93254 65184 61672 67276 53959 62913 40588 88059 48539 61953 74743 89161 32777 75505 4334 22528 57595 16278 74134 45063 11302 81936 29344 39327 42045 55963 52977 29533 88096 37314 79222 95309 40991 57323 42687 93612 64084 77484 39223 69530 43170 70057 66242
852 585 5436 97582 63790 57436 82166 72190 9503 5217 90566 23091 64837 43357 17680 11011 20766 52850 87436 90433 58832 12062 98836 55656 23041 43773 37114 42406 95434 22592 25137 49848 23208 35148 7104 76873 854 20599 85224 98828 70045 16884 24060 1132 23582 69114 94184 48533 17313 25573 19007 76814 25435 26421 5019 90701 66605 3048 63286 62490 73919 80329 67758 14714 19122 19301 84253 47033 43084 24202 1217 75494 82963 59986 29824 66738 84423 51078 26654 39868 4779 49004 19790 20016 49625 90197 57052 3874 75464 83234 76341 77536 89259 33750 83875 83571 69889 19449 20871 404 38845 80542 58006 97019 48306 20573 25428 45741 44867 70562 87446 25950 16108 89041 23140 51965 82700 21225 13394 86005 39368 75240 77406 9620 17169 35466 67168 74926 64309 43912 63896 17197 21367 60182 16973 1634 70653 22636 65094 35391 14956 47413 61873 5571 12619 51362 35032 99521 19011 51912 85640 53275 83680 14827 65692 73209 29108 11391 63568 64043 81143 23426 99840 61987 76891 3097 25781 27730 47167 54660 52706 94240 275 16239 44152 72714 91485 97652 88522 26981 11975 90863 7950 73262 6494 53927 30569 87528 65858 24514 57418 77008 11520 86318 89126 13123 61939 75265 87159 69587 64780 60631 94565 49950 55672 50615 3553 18298 16938 13511 69196 11386 77043 84403 35058 3686 10550 51254 60666 22988 44808 86579 3467 9566 97564 10742 40651 64266 23013 53835 8091 94524 50288 3783 85037 39871 26125 93105 50662 12651 31036 45269 12600 51191 11542 57824 69510 75492 12587 12376 16535 91445 71959 71526 5078 93123 22577 49443 80524 40390 43537 29508 47688 16349 65256 33230 69478 8223 78252 70617 18658 20077 68319 52255 4277 51684 40408 55588 18330 78286 86635 85603 76737 42199 66006 74730 60626 88834 42143 31392 27824 35051 6122 91280 54443 25331 53739 79849 32508 74515 38184 62185 69594 75376 69804 34806 49095 32249 76892 40306 51896 15559 41874 17425 41769 45395 4554 2496 95413 82337 5261 10606 69397 2101 15415 17847 47522 42361 15630 96310 17350 64558 77425 81024 87805 80059 83778 24636 57409 27863 24404 44361 96410 13231 94861 28888 10774 32609 50850 72798 68058 2775 28985 41838 5795 53699 41284 88245 93363 14163 21688 66000 71012 66070 39958 18592 3867 84296 21507 39739 33871 78821 65123 1751 88740 88014 71377 78999 37555 28919 79144 12811 10065 27695 37863 97315 94726 59545 81102 88778 18879 67388 99855 94128 94921 23363 88423 57816 31131 88026 38439 15972 52112 42070 67817 5854 13168 7306 61668 37694 92695 90475 22215 56539 40417 20215 60918 11806 54919 10005 68846 53034 55383 31596 70118 6395 38337 78729 65614 10268 3855 28235 80265 72483 1298 77310 92139 49432 80742 65429 64665 67824 9664 34166 94756 62787 38802 86785 35035 82873 4265 30556 47945 46371 66988 968 27107 88999 20077 94883 854 3755 11835 82941 66688 81897 42724 53896 74562 18920 15147 78822 84288 69219 90011 59612 25494 88666 97155 78893 26266 7941 10328 44263 17546 4857 34366 92855 72734 65119 34723 41918 12626 90860 6854 70391 27906 70264 40072 17231 80558 26336 23254 11198 76425 37586 74384 58456 88981 8465 58932 63403 67689 8367 7460 36711 7277 59994 61050 88501 93265 57357 48615 52520 41059 71048 35254 51829 19507 11253 56830 96120 90346 70387 35675 35976 97427 14679 68320 87648 14748 34195 78353 30225 21827 53009 35238 82809 80774 3522 37925 7100 35921 28127 9031 46480 1479 86155 45633 77665 35045 60678 79914 59286 90222 35226 20428 71583 66762 62363 72257 5442 45030 39480 4617 58682 76027 80250 87768 28348 60984 62733 87967 35055 15262 22013 82990 4372 44485 49478 9720 795 22949 58528 6004 25995 58594 57302 55100 29249 28793 12189 18962 30711 4891 54287 94044 93814 54693 70461 33765 61328 63215 62448 56985 18118 44185 76268 77049 66998 39775 60474 69770 50275 69743 68808 4657 3573 83984 5127 27826 84218 3862 97454 86248 29507 74013 39389 69432 92245 9042 52955 88815 74042 81194 40044 79711 87143 54876 75516 58497 47448 34200 73621 83882 65711 22611 60368 93567 21443 21773 87448 66765 29878 35538 89806 41409 56431 83345 34943 24982 18834 49674 45829 55157 34319 83879 11935 72245 88167 82476 98356 66031 86354 80030 37804 94482 19848 74999 52991 26055 87785 54397 23035 89953 3275 58953 93284 18168 8818 93484 25431 84733 66305 98810 18460 26029 3442 42359 4256 2029 30672 25705 87542 13891 470 66237 32558 97920 16184 55390 87884 50809 43876 52034 66557 93966 92065 9790 8605 82161 96495 89398 56700 44848 66303 22009 82481 76884 36216 58934 79934 49907 65911 81459 71192 76606 82289 92890 88457 79071 61725 98219 52946 11060 35185 5357 43572 22433 94179 46518 50951 77334 63028 74259 19926 6936 23071 38107 15081 38828 75818 3599 80020 16704 97539 30233 53370 96802 43572 46460 26934 36382 6986 16194 28109 35803 4167 42088 71696 15399 4975 61975 29803 38253 93586 17169 5843 38020 2966 95642 9889 35920 56486 32037 88410 93518 92382 54536 55965 25730 1490 48372 84083 22640 15502 95868 39829 99228 33824 12690 18443 41081 28635 58796 76261 67353 35747 53997 42275 6024 15570 32751 2484 25524 39095 22172 40985 31802 70749 87983 77629 61535 66613 42826 89430 14868 38375 47908 97698 33286 23523 72776 15836 85756
10 2 6654 95448 61751 93224 91327 43453 86158 18380 69343 40981 58827
978 504 7913 95163 50855 7365 67295 68158 44067 43608 22943 34213 98804 39623 68866 52702 33175 75525 26162 16774 44315 27887 26901 83939 65034 4287 82512 32076 9885 89047 18639 66517 62676 82429 47042 87956 80490 42743 75075 88464 67585 66103 61710 94818 24679 93360 35427 26863 62835 90198 62789 59689 67829 24035 28229 97260 20930 59046 47722 13041 15598 570 45666 8897 89329 70249 24838 12370 90926 41878 36445 76704 92630 99542 96787 19154 63489 61553 71166 10346 21041 15979 38478 29268 7 28077 81848 15548 48900 27112 69041 33343 44499 6896 50883 35503 72049 23189 20012 6667 18492 94358 21664 61963 26454 29585 54984 96310 4952 84985 57782 74085 40884 31770 22727 41514 15392 2499 2930 42100 94016 22744 88535 94941 67410 63517 24749 421 82117 38764 20300 86023 90696 71482 94655 47209 64496 10487 7117 65725 80854 80802 67362 49426 63979 40922 16431 60564 1706 27612 34421 20240 49961 72607 67915 13733 22759 97617 7372 44603 34675 77794 59459 1551 24692 5714 53011 85297 62167 14503 34084 32496 31461 76861 62604 19068 58217 50029 58301 45998 60840 54069 2579 64826 49133 7483 49500 65954 6943 97271 86285 9201 26587 1322 76644 43685 74486 39215 15322 36166 35598 27878 88120 50175 12170 10324 67374 34749 27732 74396 38888 32245 98107 45345 38434 39031 94440 15137 57644 61903 45946 9749 5521 49385 31816 53856 46025 82670 84419 75212 40387 3793 83065 3572 3235 27476 79429 1988 84871 62360 15221 54550 43863 60585 96011 47784 82556 82249 50479 68442 68607 34392 57940 70988 64308 34552 49862 83552 67878 63356 43676 46101 75743 5223 6761 61336 36597 94945 35945 57012 9731 35409 1521 32012 84558 85576 76072 21565 64018 61168 30057 26638 94128 72413 40887 24389 38371 98455 83062 70050 51237 58769 27283 78159 77426 59366 78159 33248 41096 7021 25417 92911 50314 68517 21931 69134 79508 40370 69268 20156 44613 21234 25626 98313 16678 2388 87560 99976 24019 79897 42689 25819 24702 5403 28882 62156 13547 88567 27294 78076 78549 19844 24853 13357 28079 44991 82023 73060 2255 15912 72234 88334 36502 99833 70455 571 12508 43043 76809 56628 59885 28301 64579 5034 58500 92448 36771 97143 40163 68645 97391 14352 44476 23518 80229 12716 53878 40444 99148 83039 27701 79085 74718 88905 88704 93611 42621 94612 73421 71966 71210 91605 31729 14385 62621 91569 26153 60214 68535 67340 59647 74483 19611 96796 85930 54745 4010 62633 37900 55400 50741 61986 4216 6734 20148 97380 5874 52089 32811 32878 88925 12638 80433 95366 81545 9708 63499 50185 67993 77891 97978 5467 58480 69291 63612 50113 81117 20260 4427 74507 4522 22090 15631 49517 42492 23807 38022 70676 45597 57419 61655 46683 9557 93095 4964 78349 46016 97190 96480 15595 12327 8149 67431 55530 70647 4096 73270 86708 90286 10545 67726 9583 56591 18365 42133 13276 50890 71377 45123 87210 42542 62702 9047 88668 5250 35214 35134 66654 50207 18645 28631 90620 26484 8515 17861 8325 36637 24442 23058 69696 62326 24152 63277 11427 69023 4894 72337 1522 96368 1745 79404 58733 36848 73597 54883 28430 42016 96871 56796 18922 73104 50296 77572 28100 22867 72764 43000 96855 73138 54635 90108 43986 32221 35030 22168 20977 74898 24175 3455 35728 67162 41993 30669 50953 49922 7015 40337 94096 7405 5496 63811 5971 94124 72762 55829 96702 69217 80595 92410 71340 53267 88371 48311 14641 57622 15807 74373 10705 92437 15674 90798 5624 24560 21750 89798 12006 5854 87343 82279 82219 33369 69967 80239 77893 377 88707 27500 1786 46830 7869 68390 50926 4924 29614 90405 13978 69841 71411 37754 62759 52135 97285 70267 42582 63964 60033 40781 25198 24514 18406 86275 37091 63705 85906 13634 51808 16020 74672 12610 27926 87236 65363 29411 4492 62346 8756 53658 12312 85215 30228 93424 12662 72206 54814 63945 48288 96671 84912 68579 37627 28600 10674 31309 62947 11478 64250 78546 96307 84462 32058 40970 33453 67828 88759 91754 79724 70895 31330 4550 21887 34830 22656 65502 87523 2250 3552 7905 54264 59898 64079 9781 20469 65687 87935 88962 72715 90051 96114 61619 5551 21524 55308 40390 99165 11335 30086 66307 41881 15016 8312 50496 48604 14012 46232 23699 11053 44934 18187 6645 70742 42431 87765 91773 72271 34375 51884 40624 56497 24175 56162 88046 86168 12569 97513 4313 2457 10215 66909 23214 60933 95366 36987 35802 45180 50234 20499 15792 66344 81735 84203 10261 96142 81737 24341 45394 79303 75007 67469 34741 95654 59899 31656 12003 1428 17763 33114 46808 15800 84960 53900 31004 66653 18234 34028 47437 68450 29921 78460 80563 26780 48925 53063 96788 37035 74486 1988 34526 64557 80617 73299 21520 6604 8788 65454 54025 90570 56105 20782 23133 90248 37466 62360 47691 78061 41998 90287 92935 68228 54334 74227 60993 72937 1922 35381 24664 34581 47164 21402 73537 24286 67133 48382 62324 1088 98469 4596 32026 23850 93006 26259 17902 18790 69221 22332 63325 44056 17357 43724 17038 77543 62787 1783 32275 10311 32169 37346 31590 19829 77172 44629 9865 69056 17440 46562 46077 90745 39870 51289 74932 47658 26497 97773 11111 18362 84123 53308 2863 43855 60602 22394 34009 91367 91854 93415 96379 17067 64939 85660 5685 96242 15448 5646 43425 73139 44048 94662 30973 4130 41408 66478 95223 84744 59673 26834 36496 21867 5215 99017 94503 60022 5111 26179 32329 62180 29521 75818 45498 64361 50079 35659 57357 92678 58332 85565 53262 15386 51690 85747 79823 42116 64656 65299 25855 69086 11498 31846 1499 88453 90879 85715 7392 69243 95476 88190 30578 22890 52295 95073 51172 48506 62975 59787 27372 31873 96763 6342 26071 8470 38461 79981 20401 92264 58741 51003 71980 88924 42067 88729 33727 37130 3468 80825 53302 78936 14614 19222 18303 71146 94716 70366 55859 24519 12738 30817 98940 38276 10721 1609 98976 15886 95786 84307 87205 41432 7090 99998 45646 76581 42642 71652 33819 76877 23510 19211 46677 11192 786 59879 50815 69904 48338 7340 92632 10425 73793 63198 36583 59738 39869 18071 64699
233 64 173 92517 68898 95005 19239 73967 60790 15573 52122 79004 88041 39021 91493 14821 15403 79999 57992 1412 3096 15803 18947 62900 37317 34368 31769 60735 80483 28175 24815 8906 83527 96463 52522 64844 27423 39128 91130 1028 31178 48580 2586 27784 22609 48182 35216 84419 1707 28502 7175 42243 34939 36546 66702 84067 86566 39788 13841 74106 39060 49121 16707 99940 5008 81337 98416 79848 35647 9018 41501 38911 70540 38222 76859 22136 41571 50780 58933 34273 85416 69189 59670 22218 82721 6751 83070 30135 89544 25697 47569 14146 84576 80821 11726 9031 88912 75495 37390 85836 51715 59053 28967 12368 44167 76119 42925 61611 46154 14188 58803 6948 8403 48608 81253 80897 20816 42648 75331 87290 60987 24172 12433 1922 13298 48106 65431 67264 26003 6448 42151 31374 3832 81933 42692 44155 42489 81627 66438 75567 99718 81719 19248 5376 76533 12316 90707 84923 41867 56349 5190 23384 55285 6856 8061 99661 736 60361 72403 35893 44687 32177 1368 52558 54998 15537 139 19839 29557 57076 58591 33222 61252 29143 42320 30161 37948 53471 88004 67218 25079 83602 26679 67895 12742 5249 78113 99540 55593 51644 94920 15274 10771 28440 61785 8219 4351 71510 75297 71874 24356 96391 24257 66993 14654 32601 57649 83103 12368 96846 99560 33618 5915 1763 84897 78263 91912 49808 24023 11625 75252 31813 68881 25887 91834 13315 65925 28136 23718 7480 59150 4083 83951 25309 6882 1399
659 597 8848 54952 28684 29679 99018 99429 27689 47589 9059 49933 28887 34317 22037 45914 41086 44423 51033 60176 22108 42775 87796 70206 43684 37297 69203 78549 65014 49332 14924 89562 29831 90484 1726 44715 55781 11922 26939 12876 92276 67428 90360 90906 40802 93998 5364 83760 62314 62942 67902 70586 55154 80278 31113 77362 81113 22644 6861 53680 44598 97722 54115 72982 66374 9550 27548 30613 423 61147 23202 5732 92895 89092 96574 41459 48818 33455 48371 859 45238 77071 65667 52143 58743 58112 72998 68719 33485 24338 87903 93527 59012 71915 66445 98308 16028 21250 60172 49643 97262 53389 36058 94875 1593 59623 25310 84359 2016 97627 48941 1187 65677 16001 49487 43108 66979 15619 85408 15905 86852 48654 90389 6524 59067 42210 16667 99092 41542 81519 41124 1173 24926 94560 60995 71243 43856 67179 4011 88812 25221 34673 76477 78419 11088 50927 51591 76521 22751 2025 69512 39194 84809 92525 40828 30538 56335 22485 22458 24576 37207 68409 80661 78710 72407 73500 51517 61626 60427 9011 43547 56807 21492 39472 28810 54885 96432 81573 5342 70798 34142 63437 77931 42323 86311 28678 53560 44403 70774 59891 20009 6458 28221 59498 47457 31838 84898 11659 76257 45894 72457 28890 16645 76417 54718 46140 38507 33920 29325 71037 30711 43900 3585 17432 70946 13550 37635 29664 38905 52093 29126 79651 29907 82341 85690 55429 20506 13746 23576 24894 12921 25419 30463 99754 55301 39107 57203 32822 77903 17035 37052 11288 78030 64547 51891 57373 51374 57241 2740 36518 53270 54362 71330 98907 91050 38920 24698 72444 64700 40152 23011 16547 78745 16552 91072 68754 55888 2507 67921 61975 88146 4059 87825 74168 10011 44596 76228 84360 31619 51177 69103 72360 57955 39402 36954 14405 75078 98276 48128 28405 1089 6443 88692 5056 8531 20008 69322 92101 51211 40569 93349 90903 47056 9925 14485 99879 34079 96456 76633 62536 62176 15400 58181 95743 36623 76040 45447 2501 45580 48058 87103 41702 76588 78766 53865 72153 60918 3163 90006 95697 49997 65607 33493 62012 31857 74248 55733 75228 18771 59175 21195 99009 73333 40443 21378 40240 95304 44330 88189 36655 11595 13105 49169 80053 25097 43643 48120 27105 89655 89861 38093 69582 21577 43006 91099 71861 50381 94067 34293 95238 94508 93421 79364 69901 49409 33928 33419 17290 61578 14561 45326 42978 63173 8833 87739 85481 33046 56191 22056 57334 86401 63395 47040 48428 32632 86034 87766 61308 53945 19447 41793 32793 60084 88469 86008 38388 985 68341 35232 2012 85446 30755 61183 91284 38602 9788 41264 80459 89533 94900 94455 29840 79076 28083 45253 39073 67972 44812 197 25518 3127 26994 99450 24639 20644 40778 85098 38417 46509 30966 89995 17541 80772 52444 90566 26657 90704 9437 78771 6095 79587 37813 48725 3617 88411 379 12394 2889 42786 38148 49543 949 38002 70129 2268 5319 4370 8289 22493 706 98124 66540 68709 25252 72321 73498 55163 5696 80736 65022 18107 83467 98104 81727 23368 13663 90936 66188 5852 69839 65027 78186 88981 83102 22447 40184 42885 82346 52121 40321 94860 65313 17222 26909 94454 83439 62997 92792 64641 43408 31452 57597 1489 83129 7250 29654 88364 11130 67244 65985 85993 27137 39940 59155 52122 49980 56494 37290 8097 19827 41644 58865 32356 36286 87815 20898 89356 24047 52656 74294 10555 4597 77724 47097 49840 80979 20930 1425 8148 92583 49112 12683 53686 87760 59578 37055 22004 25719 94124 16925 62125 23499 57995 29628 68021 3725 54949 59138 16362 88352 69045 70607 5173 59575 60786 95507 35905 54328 14918 76959 75290 21606 10384 12889 47072 1007 67799 22376 35170 96783 23709 98599 51944 12781 25250 63830 45149 41906 76913 29055 47988 68757 87902 67373 90472 63354 46210 43268 29093 58533 55919 69114 87821 76993 36798 59749 5670 87005 68573 21149 15500 15787 56780 38784 56297 41804 19175 87583 71433 60412 62520 46443 8488 76127 61740 82733 86013 94283 96822 18122 62540 33226 53903 59204 57948 39838 10928 21314 9344 88524 13603 96504 64609 49597 3352 13179 42146 6383 15477 65494 66113 61953
465 305 7078 18403 91527 9437 25745 66965 2946 63881 2461 40787 44466 47580 70264 58119 54693 23781 40421 67789 70629 23241 21301 66220 98107 20215 79579 99247 54886 69616 5955 19070 49855 4949 90139 513 59027 45483 99914 18171 75302 89341 66582 38215 34640 30983 70274 22394 62604 42359 69392 24650 57727 63272 78572 38941 95415 73829 1329 88165 90780 77942 61020 88320 84029 7996 21896 17512 61684 58204 65942 79526 31640 60003 36095 87890 28445 84455 76987 64619 37169 65898 80293 89799 66841 68680 27668 9917 40419 53872 6055 38213 36174 22724 84311 69503 96543 83266 52329 80083 99807 35530 53462 159 99665 24239 97384 67142 51184 81725 16968 19741 69684 73936 48602 38348 37367 94218 12473 52395 96547 23443 55876 2278 36279 83636 67784 6670 96055 32026 73559 39125 18757 91730 51109 35815 70602 59291 49713 29991 26463 74640 34434 7630 48825 75755 185 6214 19030 95292 83805 5573 46579 28409 36931 73397 37520 67294 88953 16326 13500 16825 52049 16916 96785 96965 42066 96214 88701 19554 27252 8079 56909 32966 81302 50098 78724 50334 27739 41341 12482 16196 33281 14669 8415 13322 60109 72655 9365 12588 16959 11323 59619 27303 23294 66172 46015 57301 61686 98193 15207 36939 57728 51937 74901 18055 73833 50192 91712 91636 58827 35533 76555 24381 17842 33729 972 32342 49945 3536 22124 78472 6853 23225 41226 2585 85978 50399 54814 18765 22630 54870 55475 36425 83869 37132 21344 13748 66290 31178 1154 72835 8269 4611 99450 45539 19867 67544 15942 13252 10077 44799 42976 43222 51291 79775 95129 62619 90299 76855 84110 44197 68391 54120 89294 57401 87674 47779 39896 74553 85504 27486 21426 88173 79384 24507 59733 84738 12552 93232 51027 33663 5531 90539 26228 50445 74956 96432 14371 72364 20203 361 93764 50771 76781 45248 73181 56437 78423 59495 99646 41832 11731 51453 15734 11092 75424 99605 83655 38123 68899 12908 44634 30091 10332 89783 88780 7306 41532 1464 97937 92474 16034 44665 3863 53273 93998 26201 58333 51265 91466 38655 2535 54363 95835 74682 47268 15513 22582 14180 24496 93568 97987 2412 14961 99131 20621 99709 72599 41986 96545 33376 19190 7638 88932 59639 77331 9744 5113 15399 76475 2991 37514 61501 30069 36546 55740 7375 33646 17496 88568 82146 59785 57475 31300 71236 8997 35390 51272 34205 33139 7512 54 58844 14219 87979 60574 69605 30190 43953 70958 32023 37341 38498 3786 90524 62788 35725 17167 32260 27602 7065 3875 36671 45965 8482 50261 46575 61155 83874 29677 71648 94219 16712 72017 8300 81449 26989 77583 18024 71391 55138 20184 94866 99838 24720 29396 43124 48877 998 77896 48701 21249 19516 1532 13914 39018 87465 14502 46957 60630 3037 57304 13480 54515 55041 10604 43325 189 30353 40021 16032 12352 18571 77966 57830 13964 15491 20772 23877 44677 36013 87984 87825 59332 8041 48387 85093
356 278 7916 20398 2288 8684 64404 47910 32253 41463 18016 84827 41752 49921 95259 28263 59446 61648 9451 18750 49366 4813 31438 53090 58239 12430 84269 7014 38331 45715 56261 44077 38152 39543 6998 77535 37933 12375 76868 42336 14011 97506 95631 7466 99723 35174 14559 64248 20188 52193 44532 95035 26602 19296 12881 42682 6473 96230 22659 58166 50649 75560 23557 98961 66419 83839 4949 50559 44008 98096 67045 39923 75603 64821 49321 32403 67911 25659 39602 14288 92824 68078 15658 64736 66457 69284 95672 99430 27174 82730 78185 63034 73470 78725 83962 82988 41767 20354 82152 90327 55440 81075 39641 81409 16133 42845 52203 27042 33301 52321 82922 43224 91954 68081 64800 76183 7150 95094 94829 8684 42731 45831 27736 37826 28922 4826 52566 16729 32022 30379 58525 13339 38855 38539 51508 28856 24941 66178 34148 18435 71007 69125 92100 63457 83777 81680 92140 10240 41819 73080 62491 4371 31989 73516 39685 38313 40122 84107 52720 74301 74567 30907 34251 46558 47471 29181 37485 8382 73035 97870 19323 29578 64155 3346 5167 86005 31827 40434 29153 38967 83111 76177 76874 16932 58022 65758 24479 30799 85242 91108 77664 66629 33251 32007 37298 67163 50135 22104 70665 80104 93742 35934 13258 58663 5013 66654 78211 94235 34987 42301 82054 53455 39172 4629 82393 71513 16147 75454 54626 100 39616 21912 44689 10607 5942 15441 75645 99193 271 48528 2598 25136 50961 6508 79581 41549 25447 40904 52436 78620 355 79631 70194 16834 59907 24714 63985 41566 72744 81461 39716 63213 83236 96062 74402 86417 5955 8733 37523 9611 18163 20154 53574 44281 32429 34834 39132 57780 20770 13919 79326 81937 1989 49790 50210 15391 81810 4707 65447 4340 56524 89621 31938 47518 64684 86465 73706 90262 62618 15038 45782 62671 47896 96996 64312 83639 1714 5970 88895 91119 55946 96089 4804 54729 36329 65996 40877 49740 67737 81245 67664 97254 94142 91437 95113 75803 88805 27991 41927 88624 33936 18576 24075 99776 39861 44758 52023 16660 56223 71140 97940 64883 98017 92813 96533 93521 21605 27309 71398 60069 24180 91936 72029 11998 98196 16645 76166 59469 7424 13088 51291 63103 9129 98739 54874 30899 80056 21155 86501
299 72 9951 78614 39682 23684 23621 23491 2129 91762 41550 24710 94246 77047 99842 41803 5516 66565 62185 29998 81127 49730 16167 29282 42274 44922 28648 87490 48490 90962 86903 5450 87774 68677 29401 27624 67677 7293 8012 59481 90318 42204 62156 7263 26610 70971 67757 50359 68185 87737 4117 30187 61237 11329 77400 38870 28472 96414 29733 47330 40505 98914 65774 71100 46128 75411 50398 36811 46434 57005 85563 68680 1456 59287 67574 93224 92245 25982 76558 66035 37869 80155 78626 3700 59133 29326 51581 52127 3096 10805 77543 32358 79271 22431 81506 20001 129 15661 71430 51523 42303 42239 7954 77339 95512 88062 91594 52290 36398 7525 33551 8239 28331 67517 23302 3761 40559 84292 7230 20654 86658 21885 79879 7237 38780 4893 21432 71869 83962 31038 38053 30902 21768 26452 45628 32868 93439 88210 52495 9844 5860 60735 76519 43368 57941 14988 85883 98834 7112 18978 14912 51377 55683 98589 39234 16198 58050 32984 17230 94689 23398 26934 11665 17457 78778 42452 38494 76080 51426 62945 56133 82894 90576 61974 77460 17756 4393 57872 58375 1612 66325 49521 54613 89367 86213 12625 74624 62162 6661 37006 40895 37846 77193 24904 37008 64137 67894 4 42439 1260 33925 51128 62826 8426 8071 4199 26507 20656 22742 63225 68829 97110 78497 94036 2103 2769 39608 54665 83370 38976 80333 11280 11929 48135 45281 35023 19232 24507 16268 63906 79214 31602 98971 68823 83646 69993 53835 3258 52685 16572 26876 16869 55733 17951 81617 83576 69118 92323 89016 53695 87508 19138 67782 23735 40548 48225 17571 41969 4936 72767 5217 90350 17063 18792 35947 75449 2522 46089 71875 76141 74272 93217 37347 54777 28124 71075 98873 31184 2326 34409 89961 65921 11117 4280 77785 62309 16735 5726 46529 54155 61419 36190 95747 59204 59733 31429 57417 99683 84464 56798 77041 34601
162 10 6311 83176 3107 33547 39486 28233 78795 23577 95218 24332 14343 54600 1637 46563 83449 16629 19822 25838 30858 3628 43092 6931 3744 28944 82075 14110 79782 30665 3344 78918 78965 71365 48146 63999 31534 9640 62377 69964 88183 85892 12028 58049 33712 72785 58503 46271 4534 80490 29885 57232 33536 14057 31294 59758 28951 37466 64628 81406 64449 20187 99604 16368 98902 97417 57164 80511 60758 33251 63027 33666 25574 83929 93092 47726 72949 60336 31802 33470 66710 48736 17868 71388 86168 62310 89278 10414 96934 2006 76433 69678 64513 82414 72980 17947 26333 28190 70195 80316 70078 33293 31951 63786 77727 44935 85690 66601 13151 46347 62839 19098 54888 51148 7905 73191 93870 31523 91228 94857 25825 5218 72678 1989 20946 31228 30630 92665 6533 33767 72757 75325 41189 63027 65365 64559 94045 39225 34678 68438 77387 85779 74355 20516 36148 30865 46472 6994 47896 73180 86032 3102 22462 62243 1628 7749 14814 77836 30831 34152 78933 57211 79637 88568 65548
55 39 9889 46036 38231 18518 93599 67900 99567 37671 48480 1796 60781 39579 12018 41283 82611 58173 5393 3377 62187 54544 64770 28443 79408 46938 56181 70602 4005 60037 11333 54605 37188 75844 39730 33952 85432 23688 24661 60242 36315 62097 9119 75937 35087 99489 89063 96407 93712 97226 94406 14097 66128 20918 67247 20221 1259 69854
926 140 4780 12464 91924 84765 55135 27846 34245 94216 8983 65557 64587 76112 5371 47610 77167 84258 76006 47222 13668 38109 37355 55047 99899 67917 93472 63724 74952 93644 73188 29551 82507 64384 20443 93594 53545 70318 21510 94871 93148 4173 38977 90391 79936 27345 52255 58563 53282 34117 28302 80204 62470 27984 86382 84800 59663 45959 49758 68450 70119 57032 7788 82010 92056 17632 81909 6392 25064 34188 3722 65207 3649 948 87638 76450 96185 18584 42269 43990 53923 2555 41009 37926 1138 45271 75011 19863 11607 31775 72708 21105 77546 20587 39441 71567 40242 25612 43729 94504 6009 53803 38565 49323 40954 4353 81517 54685 55974 33197 74509 44055 92032 24261 87337 88489 53420 99067 88136 22823 66988 8713 75505 20671 56395 35335 9018 27442 152 60959 71380 36280 34003 55128 48950 43686 67511 13205 217 77607 12012 58402 94811 14542 99379 53356 87705 14160 91834 16068 99781 98901 18090 42163 5908 9674 83504 51426 35016 28046 17055 77795 61381 52370 41692 86795 20973 35529 81155 89553 3934 18473 76192 31470 83642 55375 72882 27813 76554 89104 47943 26048 13786 99069 6662 44193 69689 41322 50381 18902 15542 10743 89048 44411 58655 70710 27579 54745 83607 4524 21561 11244 70834 58687 37842 25150 51908 58481 37615 59665 72250 80235 35040 4392 30420 83772 55233 74344 23376 23111 98060 51516 10504 56408 75756 74180 71031 6235 67483 5754 88892 89727 94998 13478 32239 30122 67579 11324 57406 66859 15410 45398 8793 40561 54244 66657 27916 57928 41771 51401 97230 97282 42853 61334 8765 29536 20473 52013 32216 55022 96836 17718 43565 72817 51300 24818 22400 23771 29581 61521 30087 93263 54068 54453 82017 41339 42965 24889 42524 31194 91160 81822 78044 94031 44198 16584 58024 38584 85742 32091 92421 11951 66155 6887 96287 43463 97599 86453 32327 13161 18114 69016 48139 94914 64156 91563 19615 91157 99818 26690 52410 74141 23746 24388 8248 17317 65374 63077 28143 57164 66943 14649 78222 22744 50762 71444 16703 29688 45504 49954 56396 44086 65671 8163 34939 46927 58837 39686 50067 94775 65468 92125 98029 58383 90435 30749 7832 25083 17812 36363 93418 24539 5516 88370 40951 37249 82605 68921 85105 9082 19780 12680 62063 10789 81935 69491 73336 45752 43994 97527 81192 3308 96818 44785 1861 9449 46862 173 18719 68455 97267 60711 45841 55057 97873 60721 82556 82695 92546 57614 4872 62437 45507 60464 49197 81643 42281 90645 84509 27771 73115 55625 86214 5656 46501 33700 33994 30092 34650 26206 32268 12333 61085 62003 26899 95150 42533 25830 61455 15079 29823 57398 73645 41505 35471 41815 47320 12751 54514 25506 16829 96619 30093 77656 72239 85839 36643 63840 74948 33471 55517 17456 78784 61230 73454 82257 26657 80543 61101 34779 17574 45082 42584 93297 39864 38111 32080 47717 16462 15621 72223 38151 64443 68697 21785 75706 17724 36807 97600 71144 22114 35419 84053 47641 35151 54736 99839 21536 61474 53485 11798 44565 54055 76434 93495 62875 5521 64265 99882 76053 14592 75168 55924 30807 62102 51566 77068 53123 77318 32805 66571 51066 73451 96419 26171 74817 20960 41306 72081 85521 73616 61015 92106 28065 28778 32926 14665 66081 20017 98513 65210 1188 5629 35067 82927 75914 79038 4378 20942 59339 68028 9707 76793 43994 87034 89172 47871 46057 45664 74308 1004 34599 52033 13927 8251 64480 89167 31494 33708 33778 81065 5222 31382 3482 79388 72714 78925 42951 29542 83733 67651 24659 35905 14638 45228 31050 43836 14603 41736 88330 5639 44335 73470 57801 54397 94982 7182 60694 43172 81778 79628 43211 47819 67862 53336 37557 17180 13243 12147 17982 93451 67694 97367 25309 98905 73237 30192 73856 8312 35771 61142 96804 66158 9296 4346 12250 36806 89913 32695 34674 85817 49088 37486 49054 35022 33948 84023 59098 5961 37838 5195 73899 38293 25772 60105 38253 8747 53445 13076 56783 20606 95733 35385 57174 41232 76507 13702 60174 98231 72669 53013 45839 98157 79258 89673 71042 69460 3263 45759 55169 97324 57713 14118 90070 15602 62364 35599 1599 59362 62800 384 24489 58554 28133 65432 69840 12103 2297 18787 35996 64622 10935 32174 53942 76517 31808 17718 87038 27469 14180 25545 80578 58767 48086 50934 85285 53648 15425 87408 71243 47926 65237 92855 56478 9314 76514 92974 28520 99040 70088 80869 62890 66582 83432 71891 21591 21803 60064 85899 31430 4321 26958 46830 51213 31374 29830 10110 51846 10186 88505 96887 36969 71769 10602 79234 96437 10519 16386 87064 97546 35660 39510 18906 65878 63172 13683 94458 7974 91587 19394 35155 77878 58525 91947 14646 86487 76239 96483 88937 89878 48204 65471 10289 55869 94759 99281 26198 59341 63816 16449 21893 15605 17738 86527 54910 77667 66366 74081 93196 99585 87759 42489 62900 67028 67742 60892 60853 57133 47882 12077 34868 64083 34984 33244 18845 15425 26099 1694 66482 33876 98689 33163 92596 91609 95783 10907 30989 40380 19768 77539 20033 69537 68319 76600 59366 21438 38744 22240 46150 9395 33360 89118 17299 77820 57625 35219 24364 25142 35753 30043 66740 67292 7999 99717 62688 35741 45853 80880 73225 98921 44694 67080 48974 9436 25850 93275 32161 15873 50827 91994 51129 76842 43705 47545 11968 76366 22733 42642 83961 44573 71745 9747 67287 64183 49567 58820 76103 50961 83671 66195 77252 19738 4499 80837 46555 73561 84979 16783 14226 14375 55921 13548 21370 6703 77370 16382 15087 880 94744 62264 38480 24409 15572 94215 15527 12199 38623 56102 4249 82604 62417 51874 88117 49071 31614 29231 60006 63905 60004 2319 6251 15953 20951 31047 73102 50565 83189 77894 24614 58484 39755 43789 6059 85351 20696 66793 97442 38396 2981 58823 36765 99867 41303 79832 5056 90905 33903 69810 86819
327 82 9013 19834 77340 41081 90023 55595 51799 46103 41881 56775 15416 88688 45969 84530 63400 35607 2364 43407 58268 19714 59691 22469 73585 89123 35332 83680 5727 88850 222 91961 57447 19156 10298 36328 47055 69518 92927 58737 58256 55753 62376 2840 11234 96025 70583 90334 77561 23295 69980 60739 21195 16787 76014 75802 24344 54787 39932 44139 87010 27998 49875 76159 85729 14339 41990 58931 48562 33332 37161 32327 81200 63292 98327 94286 95654 59103 48855 27910 49762 52208 25166 26850 61135 85900 64339 66802 69070 82545 9520 44582 65443 94103 71988 30712 93063 1593 40077 54374 87883 22084 76351 88444 35776 19422 92092 69654 79751 99286 23981 97731 80297 42125 19860 28078 76683 40185 3386 59324 69226 68213 72710 55344 72830 10259 54995 49266 32179 60321 56922 76326 4118 77843 32199 91264 14258 47425 39775 27103 52634 15853 36466 85231 67020 86209 66646 5172 99816 41012 65987 9540 92104 78600 99684 90094 20255 35454 51612 25264 69606 14913 33619 13834 2606 55740 65055 63078 40092 6627 3251 76913 54311 14208 96030 53352 5601 1276 29629 10464 79133 71408 50771 54265 99498 22872 51559 72129 59929 45598 83909 88385 51449 76572 3764 52837 58750 17557 15970 38759 97746 25324 77902 58433 26535 23338 47633 22713 17296 3931 94437 26732 99004 49964 49913 54518 44949 96739 26895 26893 76379 36489 38263 77849 86171 36035 48692 66020 78692 85419 38591 65508 99153 95575 54029 52436 88172 47062 328 91601 54623 73765 26281 84755 18212 26783 10514 99495 7476 33835 25692 436 5402 51469 12898 77356 54269 21497 76601 89905 8908 92768 33791 12122 60701 58109 14812 28257 31110 8340 52207 33531 43332 17526 3327 31400 99880 81645 35479 38058 74271 92105 80131 4451 84631 74273 64061 35465 4223 39327 4491 57104 47045 54166 66968 75118 51020 60882 78467 2734 19717 21625 17910 11663 70297 31145 18722 39309 32521 34084 41743 15336 39232 28820 38095 18805 18178 35084 35698 29736 97479 73978 58768 84699 55864 22452 78723 98205 33585 58796
734 386 6097 31278 10102 16209 27663 59846 11639 45153 50591 4675 39784 39111 22584 56512 52466 73883 3068 64621 29444 38519 23850 19337 12994 15515 76401 50961 17076 3264 60899 67140 89860 78536 7636 47472 13285 55319 78786 92404 12770 19873 81962 22422 85539 21832 87252 24297 11525 73219 43480 99104 77813 32267 27239 66533 2799 49700 13268 32465 28997 3820 33065 60148 9524 53763 51461 78808 76098 47562 21166 79720 7763 10633 91937 36746 82155 92066 31020 52646 20746 62528 86925 10765 5939 970 81094 44937 84368 22908 74397 78202 40946 78655 11504 41170 99193 66346 341 33318 29826 3122 64631 16481 41132 35783 49487 28837 41183 30629 12318 29915 56627 6496 61168 90676 93876 35463 9331 27020 11621 79465 84499 3909 53894 41053 83913 75653 15853 44588 8723 38403 99895 39515 42319 73505 88778 11176 35502 80334 29234 1768 16887 15021 66021 27855 62838 59864 70720 89574 34133 24981 14380 73620 58682 79106 65582 4003 81225 39810 71972 81923 39165 68268 30694 9211 40024 46284 56208 1644 75726 53724 66898 50247 68119 78824 57392 23467 77531 29947 42593 14905 16733 60411 11433 88440 2838 63473 44921 48912 4166 72009 49369 75916 20073 87074 29581 15250 89341 36299 53762 76437 42027 82012 96146 90617 68628 66863 93374 80348 84874 4391 96458 13280 59977 69 70463 57800 71152 50575 40810 46539 50197 44435 92237 65690 18945 58589 23981 22321 13449 30015 27579 91830 66940 33936 57736 70461 99311 82342 30953 37349 64150 88674 35886 86901 14942 81118 40394 74846 17413 57733 79412 14690 86979 97502 37849 17521 46187 54819 71432 77652 46473 65468 46052 3250 54321 96918 28771 84797 91544 63631 70350 39198 56267 33862 14571 51722 45341 61738 38270 78542 21457 81729 39500 3774 41117 5062 21782 873 22658 46410 81011 96158 52609 99079 38063 10190 36685 59016 50769 21115 33922 62781 51651 77957 34972 87655 89017 14087 78472 63872 86756 26605 83177 90578 98775 91406 76448 7151 99488 97520 27934 61311 85792 67081 41958 14766 40887 86555 26467 81608 25338 10933 55426 54899 37466 75756 54493 30530 42492 52067 45887 58891 91535 24626 69784 19428 24310 80110 27952 49948 61769 48389 50689 61929 31848 11907 53245 19616 8226 70402 57304 92839 43186 1414 10477 36712 46693 40953 54069 64760 63060 77075 73168 95020 20239 13901 54562 61091 78302 85637 19845 13753 20051 20271 68026 94836 74517 97050 88883 21841 20039 29760 91767 35593 69845 55172 50182 98188 26304 78601 92313 50586 38428 54126 27958 24415 83786 38717 54605 87514 3652 95458 40593 64255 37208 33690 44100 98770 67717 89168 79130 97677 49453 34357 56665 63411 89109 97430 954 10929 61984 88202 8117 28746 70055 20519 81442 17131 63105 21315 44812 31726 43452 35951 94337 79317 31139 90275 54374 12825 27721 31852 15776 92988 42355 3798 11718 45244 7613 38550 30316 28797 34820 9849 98100 54477 93780 83530 4538 67823 65181 12858 61071 56880 99853 63144 30086 97913 31268 75150 91472 8734 82990 60616 61633 98732 43080 8140 80528 42496 20273 89294 45489 90793 18902 64411 86066 24147 33766 27765 90230 88482 83593 5556 98544 87148 38682 74036 11707 15175 44859 94899 54580 73645 40594 88822 38391 27668 70486 28258 68199 81121 85961 60398 97873 9333 44871 85720 73979 18472 65152 57392 87566 89967 77776 70647 13627 34161 82490 99287 79534 83384 79307 67236 71035 70564 35363 92668 34871 35056 64694 41417 82331 1723 8931 95783 32487 27648 76520 4961 81764 87306 22883 1583 28323 46567 66958 60903 61852 74945 64293 64682 16801 72498 65165 35603 84311 25202 15528 80645 74579 22655 42872 89840 36059 74533 15875 68260 22815 83924 49512 71073 96762 90066 33404 35799 96627 6214 53591 60294 9485 54443 10937 54334 59183 26451 26478 93769 94308 67352 29634 72739 7595 10343 63151 91609 8844 40593 50961 85443 81001 41022 81216 45236 50855 65418 75168 16535 40056 38032 13345 61784 2041 90766 37137 79313 22215 28969 66458 70256 91578 10921 91604 39696 73152 73337 33079 72822 38824 56857 29591 77759 87675 45782 35388 25296 19517 8303 82277 81660 44101 75783 12521 98112 11583 30617 99546 88442 2579 76429 18544 83877 25127 98162 94634 9134 12364 10891 99990 96283 28280 94723 77214 4982 71979 91850 84421 29569 20638 43477 84962 62816 91829 84772 68100 31425 15934 52684 13567 71652 4225 21858 78600 96234 46733 3795 30447 34209 84800 12847 39416 15366 1161 18300 59932 75245 82054 95236 24124 97481 310 35768 75344 16926 48106 37915 2163 11539 5310 16638 64956 57717 5324 65688 50861
851 269 8427 45602 21801 50881 44934 10124 17467 63820 90720 7332 14727 96640 77584 41509 47510 29301 90789 78285 43779 17910 77631 82804 98743 66490 10968 75727 89137 27547 35568 30237 81839 31457 16823 91124 65232 86941 52102 78212 74454 5734 53356 20607 21490 75632 457 91506 7982 60546 30441 77251 28478 39544 95589 29466 41731 9943 70761 4836 60621 28520 1413 54217 5888 70091 5403 65548 27934 15988 86118 51973 76102 43576 11594 47689 60125 47265 10182 55686 24746 37782 68809 61498 73088 59747 40235 60986 45702 31694 5026 72299 42633 98931 47957 96843 80750 15611 77147 4623 84229 19799 43336 9798 87552 13115 63331 85661 71749 8420 89053 27036 16437 63050 85097 72952 93105 20951 62180 31009 46963 65729 63983 55115 27158 96051 97023 12137 79609 20570 26122 99485 33458 99698 38174 38028 52848 5041 60950 86771 22722 62105 20125 48628 93009 72345 27380 21470 77030 28024 97117 86485 57074 41561 68214 19266 65777 76047 78292 92219 7247 59262 70301 73489 34850 30850 47829 12508 30238 7716 9895 32045 31090 28966 37712 7316 92017 41959 5531 13514 96711 98041 81914 1703 3804 3359 4038 87777 55438 77079 18163 39569 22906 50477 74616 46123 65682 2635 10719 83680 66278 41539 10085 26112 99533 65276 38235 15765 36549 19470 62251 16924 23290 89715 74539 24753 24692 16767 38796 41230 95676 70684 62997 9800 67597 92049 81949 25979 27704 71505 29157 45502 87525 76822 10010 82344 88044 89909 96562 10206 32149 99108 63818 15006 42354 96867 82449 56286 76442 52767 29226 55176 41637 42129 16376 67778 72903 35876 45612 67839 60858 79867 51844 14178 84103 11403 52099 12650 34361 67753 44436 25130 47652 53411 21674 50287 68159 29398 1368 81521 25034 59906 43738 39599 94634 32195 57938 11047 98075 69120 80591 11395 42897 11206 80178 52744 73463 19357 71700 9584 57135 43048 705 15235 58984 42646 6640 58401 16213 47137 93107 72446 59351 26944 83040 98159 66249 53948 80655 64307 69413 47805 8164 4373 4681 97961 67983 46376 42365 18502 22812 6021 80710 52325 74720 63802 45071 54678 4158 85154 48579 6983 86384 36352 9844 22376 8006 84320 79543 1376 3157 86368 5516 22135 4879 79207 26808 93145 34256 53340 19217 29040 40422 95105 90979 97627 67985 78433 56791 89206 41256 1835 8404 84777 51274 59014 29569 45211 34291 57607 36098 88506 41058 96785 33312 37837 84268 10182 75058 74516 4906 5528 59729 75966 23611 90347 20801 41510 28165 29070 89315 75659 43539 58806 98868 74172 81905 94705 74997 5681 11730 18947 56498 82102 26451 5747 92606 50576 17356 30103 48015 96432 98471 71320 52891 69659 90193 46167 31830 14727 38899 44944 83192 57144 15459 44550 62351 27692 30969 54173 53942 62671 3879 246 83653 60265 6918 9657 84999 47450 30495 85091 65736 32331 6927 51389 17632 35313 30217 28443 66086 53654 89504 84725 40076 54615 1789 69527 33764 31674 64502 80013 64771 98497 50268 31814 57349 43240 57582 26883 80267 32665 80999 56481 63781 72174 13203 40924 69580 40545 10582 40934 57832 48676 73706 37881 97149 65291 1792 92773 25490 88675 70257 83553 18447 4073 95110 24246 98825 19065 53558 7762 96255 67393 90479 76597 63188 45405 89703 78757 96010 65248 84274 70358 21069 73252 43813 90368 6637 95880 51348 87832 54752 87890 71908 49923 51602 24880 89028 73744 44377 40442 88568 28608 12594 65228 69456 97351 6405 58825 71347 97035 80314 50396 53235 10201 43652 55937 93473 28639 69592 26342 28147 52128 88317 32419 63742 90337 10881 60005 96120 94341 86095 37244 21466 98947 93625 96518 41853 14585 65759 30943 84132 17015 59718 84481 24049 11277 96182 57023 62589 24104 59099 69654 693 59354 48296 16116 68467 61778 66516 14311 81448 60801 80843 69559 75758 96018 53396 19219 74284 45573 43212 57716 28678 87951 39408 47271 63930 71958 28160 55125 67591 22274 31700 41590 99159 23563 72138 55362 73930 98678 37778 30038 96539 48805 86046 26406 37591 45565 4060 27182 85530 23653 60463 33420 72442 85132 78284 47711 27104 26125 35417 29450 90928 393 56688 66233 35841 33473 78767 40474 91925 95343 14623 72178 49414 84820 52367 68024 49400 79647 76861 77817 78511 92300 52044 67871 38775 4976 49264 63718 69397 64314 7334 13321 75741 23312 17863 93966 28554 85627 33606 29380 67560 23256 85325 49252 22891 51938 74257 97536 48758 9255 41415 2081 64356 22547 44504 12855 74260 73237 28234 45512 74383 30043 66713 73053 63808 45705 20293 86251 31145 5815 21744 87491 53598 87114 10586 22168 7803 87769 31093 17684 16978 86706 12090 38929 5511 19475 25910 10553 19501 14946 81252 29815 88563 43700 81096 67532 4812 39951 94415 5126 64355 83847 45262 17041 79982 37143 43460 79639 43573 60848 82277 76065 4375 40558 49757 39218 2637 35546 74240 67408 58859 61232 70799 52758 58813 82321 65552 2356 92530 82176 38295 64776 80025 62417 14035 46435 14598 43361 9485 4476 68107 31330 49842 69014 88716 56458 65035 13090 26552 88292 42242 16758 62377 9065 27740 82355 14548 40704 76215 6515 48280 98071 8008 23771 53045 6056 12403 15146 64667 19239 69521 16492 78064 50094 41836 95360 78496 76627 40617 88585 79592 18268 48321 82666 54197 60247 8099 63729 21961 25681 77403 41066 15619 1384 76540 11617 29208 74491 91802 41576
933 730 7699 53403 27487 71652 85419 51306 92995 14120 38414 75323 88631 7040 41953 80583 37929 96371 54460 51980 81422 95882 75913 24016 45559 75019 92810 3392 61784 66705 63394 87353 73351 76018 49603 36496 90594 67960 6616 55278 21559 76572 48289 37487 27329 43682 80625 95431 62858 3401 30669 30446 73766 26300 55567 82842 68245 50645 48775 26585 73127 37277 83499 5013 73591 72507 25881 91369 57527 76255 97455 18171 5071 14506 26990 2365 6163 28460 45115 91987 13247 13626 46584 7678 64490 78807 98472 19047 46881 11026 34376 89272 97176 93225 20285 28175 89558 59738 96705 28906 32346 43357 13443 25982 93486 65405 53384 22873 71922 1596 39771 38378 17020 718 41603 49707 67720 64854 97506 14918 12312 99382 30482 47845 93748 66014 47447 16620 60603 22808 43432 22577 8546 43256 91254 81573 72091 87597 81514 70603 50113 92011 97378 79108 74335 17750 22465 5449 16084 59365 29654 80103 15066 23854 79982 42424 60447 36545 95415 88518 15258 48388 57651 51413 5807 79098 10472 85902 34243 32973 75888 6928 22604 7879 89469 2420 71335 39241 53260 26891 64461 62315 9905 48135 5014 90953 88406 47428 87930 11270 49108 80257 28672 75825 91797 98608 84164 64385 39403 57058 59603 30904 28804 58654 29209 94115 36607 85929 28588 86903 48623 98374 14658 18169 66813 50313 30104 84763 41911 70895 2017 89223 65733 40268 8639 48937 69494 40868 71385 57956 90621 32179 24723 50150 25957 51533 67249 56482 12387 81299 23361 89614 54518 25977 15367 16232 2673 33288 66496 35063 68136 1 86331 57756 38476 16165 70018 7035 93568 80879 25623 43670 47051 57026 97636 6687 18373 41886 31834 57918 25920 13348 16546 81551 22471 42668 41249 75211 69517 99753 67317 86286 84832 14249 48376 66643 48099 1218 44769 42546 3322 65113 18472 37971 78122 67959 9764 66621 4500 99174 78939 35031 37312 25071 12528 50384 77967 7013 171 97702 32586 2915 72609 38512 12793 81638 10262 28927 88448 37660 76838 63540 91811 2417 83902 59883 50135 79974 91476 37106 591 51566 32715 80564 28575 56529 42039 6323 29482 98984 96703 18543 2332 43342 66215 34405 98129 59700 96638 44003 79419 57784 88731 44042 17026 64410 61141 26388 68632 37261 29615 47000 65306 38101 40620 46702 40196 53319 4039 80093 39206 42312 67578 54267 1426 2973 14705 87456 25730 64064 30359 77859 18783 913 24350 68487 29981 94854 31111 69563 74602 83554 63290 95016 7334 27747 69858 90752 51480 94043 37112 63302 25327 39319 28620 66888 477 21488 74744 30737 90229 55531 61062 50231 74460 32593 16932 2664 60973 64676 64859 70749 37206 21012 21838 4495 37549 87647 69365 37515 26563 30888 79326 17214 96027 42164 31270 65971 85876 68593 72302 16729 8111 58294 98785 73285 57090 19356 73896 54074 62729 78015 74740 39380 69455 83450 31511 89503 81422 6883 44991 7200 22672 40439 10102 91543 26196 930 2697 31963 76921 80989 79090 27284 55889 63953 4263 96316 49656 90923 19521 60248 46213 6509 37699 25850 86421 89572 20968 87767 55813 6450 2209 3713 2464 76294 58128 23968 57548 24318 16785 35695 10976 32787 75112 36982 56899 42475 73483 5092 81726 91644 10136 49422 83716 72127 82764 55469 8656 56518 98325 42241 79038 82680 99941 69966 12303 55465 33928 48022 32409 42701 97832 89203 79820 57774 9268 23714 81056 6224 48478 76938 71994 65421 13043 9874 72698 6682 43051 31047 51135 2615 90132 17204 8850 23178 68210 19455 32049 13561 36988 99712 3142 86162 78988 23401 74295 36234 37104 12636 66286 53084 10431 53686 85671 84000 73806 54759 47677 18886 94379 2543 97779 34651 19513 23709 71339 70122 65434 92017 95570 24190 36674 74336 86889 34893 82592 99 9866 15314 92836 70231 26728 72080 11438 64646 95938 14410 63878 14378 33024 38299 5032 47556 91900 52352 65470 46263 4692 41628 15901 46967 41255 86670 42414 37992 39383 31755 55520 73708 95310 69640 35844 90142 20442 72926 9383 71980 52401 68526 22663 20860 80581 83591 353 99519 82061 43730 7872 90039 67426 14034 70745 20759 33385 54020 26234 18118 81312 84123 85809 4266 85074 28612 96794 730 81402 14321 88190 25309 34682 90648 65042 81588 75721 99784 83434 41970 12878 5470 19796 9244 94800 50725 77481 27754 90080 58777 97398 68407 95433 10837 76220 41496 46025 84782 67647 34280 47096 74327 28413 85171 78352 50940 3578 49605 68222 76933 44580 37837 68821 12544 92142 24763 85723 64357 81865 50713 27629 84278 53102 10303 66030 17866 75892 42620 14036 98311 59076 9476 31847 70678 37081 24509 81662 3106 79641 1005 95787 98958 60649 59689 66172 46816 952 53239 61765 12399 56058 69981 69066 25937 4661 24554 26681 77213 37789 67193 59068 24507 94418 40809 78910 95797 49763 96062 11585 94932 91752 74721 54324 66081 76007 59499 99425 29598 75725 5523 58449 35217 10903 90080 97903 78779 48957 8929 94514 57255 86742 20575 67019 27630 82491 37716 48617 47764 88802 87051 31487 98457 56690 37034 68779 22254 81706 72636 31515 82878 20448 12446 33128 74164 5071 50176 93017 21347 8261 93442 44558 29269 57767 80266 48094 6826 47765 58513 78283 58926 19987 99307 53169 96654 2195 69875 17678 69681 88328 75609 80953 2004 11875 17200 43445 26779 54347 10270 75137 10970 2342 12519 21211 39664 69293 91405 36157 53954 8398 67206 40723 71404 18028 7876 66053 80226 62613 88446 2657 56538 14059 63441 75573 33496 69465 50328 87492 1657 27430 91435 31342 89112 71871 95082 29555 57970 54265 78904 62824 85280 58958 69646 82722 2168 30178 61768 22672 38338 38553 79586 69828 37566 29218 11356 41945 20865 67022 84959 28256 39120 33434 1118 6776 63703 63798 42902 34492 4191 11964 13330 60789 59288 95973 67090 37141 59882 53511 49994 97887 52229 90699 41675 18082 69950 9768 32836 3303 97777
545 182 3543 30978 94248 4095 25143 10994 23400 56274 19174 55831 4089 67595 33328 67163 41902 19790 10413 43977 1921 84464 56888 78841 70928 29139 22567 77448 52507 26775 52755 16722 73945 5912 29868 81174 66403 86296 89009 7564 33317 73341 99718 34689 40972 26557 71825 15517 94261 72577 97228 95242 28188 10876 59387 41348 22411 20284 88316 97390 88503 59410 8441 70140 86273 79557 91282 38282 67173 77281 58562 75691 75695 91183 84392 71414 39376 48554 35076 63365 61 85269 59884 89542 76202 23447 45385 33746 34087 4011 54386 57882 67095 25753 82343 94223 7145 31092 96848 31635 86434 60012 41690 59508 21449 65021 7305 90886 69841 35214 7749 14831 72937 60600 65490 87565 56443 463 76811 83535 72898 24873 67803 92236 68500 15377 6877 78227 65329 1288 21214 14897 16616 87238 61064 96835 96473 72090 68000 71717 22566 83495 76558 64671 45437 41258 91059 78093 22800 4799 3970 55670 73202 75978 4215 39141 70983 3634 25321 92709 35422 54860 90340 23996 55364 73372 14091 23374 34813 53877 96270 36691 59126 9046 6365 66927 3733 31025 62860 16166 1272 5744 86668 70623 27209 61095 46671 12445 36025 38874 11648 66355 9583 1766 94610 60065 29832 72861 86297 94624 30368 57392 32769 31062 71163 79187 57090 72712 81828 32638 8403 31697 25473 34705 17258 35979 78976 67948 44917 6862 13149 75806 99554 85098 49146 44090 7396 66330 88434 3257 24817 30981 22561 72543 69142 33556 77532 14845 5151 1130 47134 23117 31036 37087 83812 71229 67032 90201 78933 75761 11166 89094 86694 72056 1261 6195 13685 38918 47429 23416 76405 56747 67814 40921 45628 42697 51563 11592 70912 15188 46906 92989 41462 14206 34481 56171 14778 18175 57144 90730 37557 44642 78485 70524 80224 40233 69375 84539 78058 69137 98659 19095 38166 97121 93736 17376 46513 5133 89660 48334 72091 26701 13282 12225 42025 84321 53462 29766 73038 94092 57907 15626 63785 93219 71797 71910 44217 52847 98723 2489 79422 58462 64251 50789 9076 5725 7506 98201 60882 89414 78750 58817 31107 11479 70585 3664 42079 34078 69734 53904 95707 6135 73738 74244 18926 191 98580 37751 82468 33720 80895 76769 37153 12093 15113 68428 70814 24417 23712 97671 66319 30486 76311 49115 24710 44000 88132 38501 7379 42112 20253 83700 77091 2763 3113 56704 97894 95675 70121 24463 24064 75106 67903 5137 3810 28994 50890 4554 10958 92793 15152 1204 8002 58995 14180 18469 47974 56622 12006 48313 31027 87672 45927 88964 215 59787 56326 3905 42888 53233 88495 26225 90408 89296 4739 85355 80234 57673 36481 87152 4256 81774 77126 16141 13470 39530 46899 34714 34398 7134 22985 89178 24652 12820 5761 95795 25256 1934 99587 12452 53803 87396 70261 25468 32930 77101 66480 93329 23791 91280 54401 59564 90335 86949 4590 92134 16265 96425 52723 21956 18085 64002 2290 1087 76003 69739 24723 7497 20690 27994 44714 39934 45311 66908 22767 13592 55170 31852 48914 62614 11595 14401 22328 79134 74832 61273 68179 71860 28126 70764 62203 40337 67304 78463 71903 41786 98656 82811 59383 73245 5899 55590 98483 79530 12577 5476 92931 514 223 79848 18618 74313 16196 46498 87444 77228 63114 94071 29870 68786 64460 79538 47915 26170 47728 92182 75935 2759 19588 16742 31348 66776 80624 15024 21626 12690 76781 12070 11261 39675 15896 79783 44217 27685 10356 40791 48714 15422
405 84 1838 62578 45562 90488 77062 68913 94562 85923 60612 62210 41383 49428 1420 61541 41841 55881 61469 25294 67499 19099 20943 48436 44398 24596 94630 45964 7989 44503 17999 53478 95179 95465 21873 78317 49441 94564 19205 16611 99215 20548 80749 56737 31419 99210 2212 11928 29317 66228 88081 90832 42781 12257 39509 16000 14694 3925 1474 24708 54505 46099 43727 65803 6981 8087 99743 67813 20243 82559 18837 44653 7107 59864 99254 80756 89697 59173 32404 77707 41516 12279 49670 78557 57690 77756 36888 24896 15022 55849 36509 52985 4239 89833 43583 65879 60609 74699 56214 60968 93947 18637 27329 90168 537 22399 36566 65287 26432 71402 95861 24085 41104 96781 52732 63454 30817 85539 76307 87420 69715 34904 46259 54403 97993 51287 13915 72707 48970 77161 92676 83039 73638 13272 86181 56850 75162 49688 28049 29177 98973 46897 10285 74522 2098 79013 15653 40551 14500 62103 15081 67690 70122 13724 64283 72557 71729 85086 46779 38184 38131 55641 36006 76788 32319 5201 47845 25382 42275 59115 84490 30598 45020 80886 56701 8628 92822 29963 88204 89770 34413 80838 51588 38937 43740 59308 8464 87124 21438 79386 17288 8360 50436 86988 11876 49045 98142 14248 21521 24762 33615 24532 99567 63751 87933 82524 75622 30116 11124 77974 94680 63656 702 19544 47033 77958 33709 53446 7458 97049 71764 99534 63810 84555 6334 79872 78351 76047 93906 82822 76407 17661 8004 22322 68913 98760 79069 13266 87968 25817 5236 20084 28908 75658 54719 25312 78605 89019 49935 35209 84378 83945 26371 85016 11453 29422 10754 97284 20013 44244 64129 48743 74949 90792 50833 47032 19997 84517 17137 88569 29041 37837 92926 84168 40911 29612 23219 1477 2217 11587 89446 15250 56119 75633 40909 97029 60173 6439 68165 47455 32746 5896 9602 94547 25950 5699 33789 53638 96440 77695 91527 51917 75857 99213 82521 36733 34329 35514 22656 17514 13331 35720 48683 4322 86470 96 35652 76122 18256 51207 52638 62382 16761 1038 74761 33353 37060 29041 8094 3880 1188 63821 13402 77711 73013 83842 31187 4286 21875 99659 65448 32858 99955 84911 50765 33534 84218 72996 3505 15630 30498 47236 72231 64385 8701 60848 62206 89699 95200 27270 72215 47505 17692 81447 2206 17984 86463 9219 2026 9487 58221 24136 51403 44431 47340 1476 97884 22464 59569 67784 71998 80691 38745 91574 82926 80781 91539 63273 3279 30908 30842 30291 60502 63734 36457 27273 36099 53327 44925 25192 16197 43508 85046 16487 77966 93890 31090 59194
296 15 3509 40491 43701 24430 61236 8220 73296 23421 78953 31145 48879 23034 11129 74491 1523 66321 26393 16109 8142 91100 797 72205 48072 38974 76908 78008 85525 54327 24251 45892 73334 65769 27558 15074 31508 44287 63714 41865 64751 92906 20140 79956 39371 954 33850 16432 76051 35141 43079 53545 50526 75434 12134 66867 54781 69349 33179 35782 54658 72744 52497 99813 17278 34243 69296 65919 59368 64698 20139 13078 1768 66988 41884 99155 77939 25837 60697 79935 39847 17170 4409 22028 43717 24884 54610 65585 99579 18446 49154 5906 77115 98647 21654 65036 55534 10241 66543 20616 39808 82450 2730 3689 30502 94495 64619 60292 28373 65596 21509 23815 55188 16336 39603 13081 52327 91499 13167 67993 70459 50046 89120 58627 6487 41787 44723 63849 76675 58329 61973 83714 65903 55459 588 7499 17585 84729 7652 7350 98522 81662 91840 31798 65129 74594 14125 98438 66383 42164 88973 44461 24738 69383 89688 48992 56043 44456 90952 52569 85353 80239 69442 66726 23515 29389 20725 77441 30551 96294 64207 85948 14072 23755 25853 79253 52568 85920 4653 57475 40763 74037 64389 34566 55415 78524 14235 92068 97301 70702 35222 30465 37799 12894 64781 39878 45230 87838 25542 82765 76279 54046 12427 64179 69236 81811 17075 58138 66480 61743 32217 35433 58718 98487 40450 2634 45481 54780 62421 72663 59707 15658 69778 69353 95158 17857 72363 70854 48701 34842 87962 73321 87774 93323 51268 16505 14555 28531 57303 70541 40228 87591 5973 49275 89197 99602 64938 68825 29496 67367 30175 60920 63866 24005 39153 77961 50977 86058 79196 96224 17124 41931 84254 37596 64784 79177 69765 62179 30365 8832 14535 55609 41570 32223 3463 6794 74133 63727 84926 82844 70070 85368 64456 29384 44348 87324 12660 34700 13236 38794 51293 51847 41914 49977 64970 75783 30274 48686 51283
160 140 5331 14151 93701 63684 29738 17326 98453 3616 21500 3589 46947 75571 21386 37173 45024 36389 89561 37737 12872 15810 16130 18394 30257 99160 14625 44726 35427 33863 91263 83669 18551 25385 50982 17885 46789 24489 81650 10013 72949 86949 90919 55792 31517 54199 79947 39983 78352 20623 44493 77479 52099 87638 12221 75702 97737 58344 24347 870 51843 34593 45254 34175 62901 48790 11493 26819 46007 34499 46288 4962 84591 8382 32590 8314 64409 46539 95128 54261 88038 21251 48583 62349 94245 31217 50500 32498 59826 88763 35522 74666 87504 35751 11507 83215 27539 56655 61043 53511 4458 71168 7288 45903 2629 83232 85117 86598 15530 52863 18421 88329 27524 93028 4937 86220 8491 21106 65916 91509 9983 40357 37111 166 26239 61376 43783 32940 57164 99322 93647 45908 61540 26359 11567 48400 28600 69722 39219 92008 71692 10073 74928 52770 42520 75360 50036 56453 70369 7379 79392 39558 90339 53977 74789 50903 72119 86059 99021 49085 22203 71081 53639
986 717 2252 24949 11715 32609 75074 35253 2633 38899 30026 10525 23669 75937 28981 28952 29940 76182 45448 10474 7528 24213 73093 72346 90933 61741 1072 45952 66272 6634 88580 93513 25694 96455 50719 30236 516 16134 93351 31407 75093 65548 72870 58605 45712 22359 83316 92469 13373 6008 91278 65827 25744 61988 91704 50715 28983 866 25741 46809 94634 84645 17440 84338 6649 13218 45039 85737 97623 76591 94448 35247 18547 91419 41669 40409 86185 24950 79731 35424 73887 49790 35991 78575 72402 98062 75561 72719 37840 32270 4775 91250 25121 16037 62556 80346 7277 38372 78916 81339 18345 94809 84440 56805 8442 84149 54987 26804 7776 4057 20393 31291 91466 67263 46517 98100 21814 76158 83461 10150 28883 46275 49468 3091 38002 91380 60907 37689 61245 10499 28429 30400 47992 3080 51855 54511 95957 83082 76562 78613 52886 15599 22432 60559 70589 2245 75972 86754 29044 38480 67666 86794 94493 55985 43286 18935 77992 36710 49553 49879 95087 99499 50577 84235 70039 75060 446 28687 29500 5510 82915 9039 43253 23499 33860 92885 72636 47291 80371 75981 4440 16646 45784 49984 60070 18648 23113 64204 87963 14622 16123 99957 53966 96906 50293 52611 47240 20067 73037 41580 23687 38622 45316 36619 64433 13443 61976 75008 84789 81568 25528 12393 90479 1762 48131 31403 79092 59740 40598 16433 36083 54354 42611 59691 10902 83615 73232 3669 14981 43320 11235 90732 50413 46049 93326 97 86374 28309 81171 94711 90156 42438 36531 60652 32918 56805 78469 49319 28379 78726 23732 34847 64179 28725 46006 4089 26491 97579 1158 63616 44075 63989 52677 54618 4508 19452 56040 21355 77375 54569 60662 43678 76424 32146 57074 26214 53506 38260 77038 13236 67777 39803 47496 2951 65313 12661 22843 61728 62294 57191 53072 69569 66331 69267 3619 38634 74280 28867 21994 28985 46841 86808 33873 59351 79511 97136 99108 92488 85284 81556 84982 92787 2146 11244 8982 75041 82107 39223 59774 37324 44826 4021 90362 26618 97107 54492 45577 42936 23212 27890 49175 7229 76281 49401 63916 49083 55688 60820 35897 79674 76373 28032 44562 86574 12586 75871 4551 63072 1174 70626 8687 63207 72769 94497 48215 8567 39084 88868 87457 75868 499 47676 66475 64006 92764 71656 64537 82533 73238 62538 51826 19940 98801 29084 1570 6439 1541 62335 46831 43968 12208 60493 75954 91722 44745 64083 11467 27784 11428 30359 33740 73969 15208 16605 72615 28919 65872 81927 59187 18410 15894 13729 86729 46295 64048 7772 25603 78350 23695 67903 72235 41055 32061 16712 61280 56959 63261 90937 36306 58938 33314 46864 10956 2412 24539 36790 36441 1990 21650 9711 83539 19702 75375 46694 827 22106 62874 30090 22592 77592 87842 26215 85197 12087 97713 7146 47598 29110 21417 75935 73738 89876 68817 10531 3904 3630 33587 70131 42887 10003 45783 79905 42774 68239 62154 6588 21583 36035 93192 41717 47110 70868 39576 40279 53602 32494 86034 4798 90625 41043 79234 55387 33903 87899 47426 94777 71573 70873 40256 74314 63830 53602 31928 87852 87277 87083 48653 6452 16195 26202 75435 88202 50456 39271 12890 83347 59606 40683 62954 40018 89074 44352 8794 67176 63779 27135 49598 19302 81236 34959 56706 23540 1955 26688 82032 36240 89519 54557 12394 97735 75387 28836 28493 18371 87866 2790 69277 33379 98030 25558 39049 24390 35374 53119 38437 8149 41606 35675 24330 36083 63422 17327 5839 7072 51464 69821 61786 64549 63934 14125 2188 60718 14070 31577 82813 38788 74518 54750 29859 69655 69074 64704 16178 62936 26922 13670 48607 98424 30765 81326 97393 90275 92793 23076 30107 34289 45513 8242 4674 73310 11574 74675 38433 78418 77284 50527 31267 83930 25525 68831 23298 13529 289 16944 26059 87128 226 45545 7359 27699 36949 28392 59556 86906 73054 72592 91219 91331 28060 41053 22043 9604 5741 17689 60196 38574 44773 71450 19088 27885 92992 84778 28814 41552 65712 96338 34186 32053 35302 85368 57293 34021 54767 84193 73193 94238 48826 21561 36814 3458 33539 36607 43376 69477 47765 10208 94077 82922 39692 15119 35993 14859 84432 44070 70896 48801 27403 17853 7286 1662 91028 8550 31433 62879 29040 87904 13664 56448 38610 2758 43467 6169 1471 64589 95447 82387 97607 19451 46555 43993 94727 51302 70416 73102 90080 77445 26283 31551 60401 55066 39871 73765 149 68057 14257 98757 22204 62049 55565 65391 941 3277 22082 51437 79485 96281 50360 33145 86134 51386 84692 50828 40384 9874 54688 24156 94237 92022 38734 53761 7245 19058 8469 35631 36944 91657 93496 21726 54522 17539 9770 6575 98565 10532 84404 17758 49475 64097 6958 12554 62476 7721 41064 12910 79057 438 6561 85990 97177 25482 36439 73447 83687 21988 94142 83486 11583 27461 14694 46204 8055 27199 96225 39770 32235 7172 67239 6328 45092 71793 63433 10917 3329 61195 79667 68707 94640 54464 72025 54433 68578 58116 69563 86605 2908 24260 53288 75323 34233 64627 28579 33080 51671 62197 16752 99430 14559 51238 42743 92489 58710 88938 72488 88448 95587 64203 11949 13607 37054 83408 10614 47974 64681 3254 15840 61767 25564 70650 47421 80695 9961 92405 49772 26019 29081 55532 7917 61588 45379 34275 50212 44722 29321 93027 43861 60413 19723 40282 30265 19772 13153 98126 60220 67092 81000 28070 56038 38877 25952 93742 70147 12140 92686 37468 42215 3374 66650 4208 87390 90036 46960 7391 72875 32169 99189 93234 17624 87297 80048 6467 71543 21416 68446 52436 81207 33351 3788 33411 54350 9813 44844 1297 56076 51254 31195 8885 19933 6931 63289 19178 43302 36500 95183 92295 60609 48777 96760 72946 25000 64238 12833 74973 58328 71770 54975 98278 55952 45283 54533 66401 35916 23820 89640 19893 26033 31769 1614 91061 96225 41612 66896 24129 11299 93398 88497 48866 31300 68066 20292 25048 80842 88751 47119 79904 98643 86707 17567 18003 74666 13818 84989 23948 46185 69997 919 30901 88282 12803 1081 26228 64984 15407 18673 12911 61184 67699 51307 96039 95935 23305 72483 27520 14421 7309 53337 62626 6346 81179 39625 95702 52963 3641 7569 17323 83790 74218 92040 4010 82943
51 24 1013 74452 24152 67434 66715 84509 41622 50630 6589 29694 2116 8696 36772 25778 83191 84592 28735 92531 80175 92746 25603 27094 16540 71943 93926 87242 11690 88176 85670 95316 19673 97690 16125 71200 93584 93034 11787 4666 40076 71774 85320 50014 3115 97284 430 74684 24052 69613 89346 60265 36135 82191
370 147 1769 48259 87354 71979 67799 60583 3064 68603 42629 61900 18084 78705 11057 71018 76856 69157 89212 97956 24837 75389 7141 38209 14941 58928 61502 92795 61376 60621 38700 4039 52284 54526 94381 2914 40743 82348 33854 19240 15617 61259 98980 31906 69566 60349 74434 29810 42726 65048 50135 39608 72629 65197 30005 52450 40946 6397 38091 20109 24502 68325 12831 12030 40558 73438 63879 41355 62451 86994 94725 26621 33590 96587 81385 69612 74587 84360 72682 41625 95933 4056 68482 58858 10024 65034 15079 1976 61895 14831 40137 36813 45805 21098 12621 11358 88398 18450 56054 89921 93521 20087 54336 39516 22839 60935 94884 98008 31744 27258 90183 94467 21962 96403 10716 47262 94148 77936 96883 38190 52423 26152 30777 21375 72905 892 1933 26453 13372 33466 73290 56360 75240 15365 59222 14864 34850 84312 37901 95386 1949 59492 95478 89023 20164 52715 8921 86013 73135 47985 9186 35900 81637 9684 2291 85092 20801 37167 165 25848 99628 80083 99763 30009 63764 18904 15965 36835 75224 178 37039 82848 72372 22225 59814 83809 11705 32890 37111 45903 74801 80589 22667 65932 41954 4480 77160 15676 41313 39025 98404 17516 37988 30760 93702 16051 52944 27736 19321 15348 6642 46702 68380 19354 12701 98345 56878 49626 2259 87626 50829 4543 21506 97213 11858 10689 28396 48929 73339 44819 24256 65754 68922 22156 7903 80092 50428 59947 19298 30233 41925 40337 34047 1490 25488 11251 64407 62917 80130 98854 92305 92952 17856 41596 94950 2171 51792 46538 55330 53255 73570 35926 79232 95352 51464 23733 72707 97394 54877 87131 27272 25000 21592 21965 5837 70404 27494 98244 59288 61499 8989 76679 14130 41908 52513 94731 38843 52011 90040 77110 70597 69639 94418 66344 52154 61557 99080 8755 10737 45663 4725 99020 79027 57086 33379 41152 33195 29308 47611 6518 72737 88602 92968 93184 89353 48455 45536 34141 72128 84626 73964 17901 56206 58664 86790 9544 81272 90811 64722 17796 52551 77015 52757 34750 53668 56687 98856 87020 14359 73386 90493 72332 40910 62977 55824 70540 23058 45684 51725 55658 1602 75402 57964 44949 70109 46415 82839 80832 20697 53953 1266 91771 120 94974 60704 92784 37821 66484 77924 941 17746 36919 29387 15678 49360 73395 37141 22682 58411 36972 22623 40363 26687
792 256 838 11145 54458 90291 34112 14421 78172 34287 86605 63864 58617 22582 41645 78110 8602 73374 15778 87423 33713 23117 61278 45548 42012 33309 16086 17648 59369 93111 69400 73063 48893 9685 45641 42133 27546 50668 65545 89616 13666 9265 82144 45762 74748 88308 31846 54626 78676 45966 35131 48609 27727 94802 22425 25562 85664 36945 66674 605 38017 14444 51731 79822 66191 3233 62808 18343 74344 27837 67171 90952 38413 60202 52911 34571 76272 68744 23833 66337 46397 89557 87818 23319 16797 3738 20848 63411 25870 47785 31173 42935 95172 12810 65835 5734 23573 32454 32861 90011 69864 37615 59058 3095 6461 56272 19601 48140 19440 24010 40870 59567 14192 5987 47674 4986 63178 86607 94493 9804 9291 44380 9695 35066 83209 65525 59485 47144 92870 96971 95071 21007 48418 82060 53513 64065 77468 8588 15080 14914 66106 10678 32064 64754 8437 41979 98341 67473 63785 11836 92238 99146 33578 20521 29321 97528 30329 55307 87364 70765 23792 39522 31205 98305 49635 88614 8206 28328 39873 61513 82511 31602 56199 69699 43288 53815 66636 6016 78416 27517 83789 37993 45952 1762 61493 82271 89703 98019 30544 76453 20919 43522 55839 20922 62317 79853 85236 67029 88656 72461 55049 71035 23793 8250 73388 32895 74391 65723 69735 92404 20783 21445 87306 63181 56524 13590 46235 46914 2635 81261 44709 89426 13323 24619 51049 34839 63773 83931 98639 46855 58526 43131 66408 68581 39534 19455 45811 98200 82677 86112 12478 96977 77636 48467 54047 57237 88045 61280 6916 9609 42023 98584 39492 57854 96364 6386 41792 43218 23920 26861 2578 8366 57771 76114 51891 34788 484 93189 26986 42351 24284 44913 97681 74811 85470 15249 46691 82008 9961 477 562 26619 40914 7238 73263 81861 42974 27900 98879 11530 91194 35964 45421 1157 54118 7 4707 75765 91528 71179 17739 80456 30816 48826 34881 92923 58003 25158 58783 91867 78399 68839 77897 10510 55743 72118 89201 64578 80914 79470 78919 53781 23206 9418 54329 975 28985 91924 7918 26331 20011 40222 77934 37061 6332 12412 9692 19050 88106 30076 39237 43083 81915 71098 53512 60373 19591 72205 33076 97245 59670 83924 18535 22231 54779 97984 3847 53710 62052 83000 66950 62387 78861 29551 32908 33442 29632 40186 4869 22741 59666 5454 98204 50703 31113 16710 70135 42676 64221 89592 23660 68837 61602 51500 73811 87725 74771 26045 1564 74483 82947 23039 43198 31314 16727 99892 84187 24452 93514 27471 94441 86252 76149 57792 67855 90455 71627 53398 32643 55710 86231 63198 83947 291 27064 57862 53554 12444 5735 27200 91002 20257 96476 52873 18785 1556 68242 10417 10143 83651 25932 64421 88519 23340 70575 86555 17568 84762 28754 95254 5845 44551 12397 20487 30250 69349 21871 59307 95654 54868 6716 44660 81865 33455 71145 39139 35111 87811 26313 7728 2974 85199 2384 33257 30418 37182 72085 5110 82279 99383 33176 37269 45811 25928 36730 93703 40766 77785 62226 60319 25775 24279 1963 13184 7680 54528 38155 22312 40994 99887 47600 94616 20559 2556 11430 6918 1858 34165 20183 90635 67210 40788 298 35356 92178 92561 79287 78576 53993 68015 1230 85628 96955 50163 49629 85371 12319 78109 69626 7792 53551 57634 7633 64600 38216 75993 75970 39182 20513 68102 66024 65412 52151 47962 70289 33276 47894 78601 54898 31519 34447 72089 35849 71132 4999 27029 72075 37297 74048 36858 35315 27486 65665 65844 29665 33174 28373 75861 72481 60408 55221 18587 17205 19397 21051 92274 67661 1542 28306 4619 90335 80568 70897 69655 78928 37681 64621 16011 43579 66121 95735 10508 2275 38936 44990 7221 52981 73386 83436 83261 98468 34686 62784 4896 27733 4385 23822 23847 1631 77936 16321 62092 3429 25573 36200 97120 16081 45893 17303 36231 95426 76817 540 67732 10567 50838 52808 14947 5648 82319 56208 89064 27554 82166 51067 16500 43614 61644 67975 6428 36140 36708 65636 41798 57243 28820 69122 82775 44445 93088 99147 3787 50326 98072 96210 32853 34136 62155 45259 45814 17913 17414 47593 60382 81320 14933 72634 4536 79721 93497 33514 22756 30538 15107 92626 57822 74529 80629 15967 30544 75482 49407 30226 93332 78459 46924 13071 45915 54881 53586 3419 28071 18888 23848 95705 16026 53706 42975 72440 38670 45037 86148 89331 54888 65037 52839 66730 96457 1336 14517 54491 98965 63332 6517 96035 36249 91410 8496 42734 35888 38990 77624 6641 65769 17352 90771 90803 58799 54801 28698 32737 59129 36516 6849 57478 84013 81923 28490 93478 59886 60918 6406 18345 95494 16531 52452 55395 17007 21733 58871 36106 6203 62676 71198 63076 92953 17313 90765 48489 50648 55445 89208 98815 7293 31348 71125 91565 52365 41710 45692 5228 44789 84221 51131 91093 98811 26321 68938 96514 56020 5504 55366 93333 26428 39436 4282 67902 26589 70205 36008 14740 70038 4050 53144 75052 98406 29700 69445 71007 24615 74664 4481 63504 17397 26395
361 198 8683 22215 70203 58353 13944 56481 68402 47350 61305 23826 89751 16678 25391 81372 79128 88791 45713 45490 40246 32807 36138 98576 8403 91075 506 16067 52055 8363 4200 54688 12904 65183 35739 57080 8270 39008 96794 40607 10094 11161 94755 91294 77620 20810 82645 20979 45256 54201 885 72535 30713 33969 4304 7983 89864 39566 37536 39568 26163 3817 63975 86632 66520 26468 77592 86394 11667 93373 14912 29456 1161 95530 84421 1233 36438 24720 23682 71488 73079 1225 91442 3617 80167 36388 57216 89471 2111 17127 35232 64753 62893 27198 77467 76837 33069 41689 12591 45136 16301 83539 87907 79605 89041 39756 8655 96553 32051 85311 72285 24118 15768 70907 42345 25560 71293 94669 35715 74101 72118 87262 67124 92713 67159 3546 83328 8066 29454 77085 2558 12 93788 56632 39318 43040 38082 89196 5379 54884 91021 11464 30195 97301 51275 11064 10052 414 73153 43785 77153 1738 81350 66777 84349 88957 73246 88633 51396 58513 10725 37590 58608 57960 90811 28575 72244 26749 61557 13532 33645 44311 48675 9268 28303 28404 29978 75788 48355 32596 5450 8184 39796 77047 65042 78046 39678 84660 50086 33170 37602 64998 40999 63802 35261 47353 92216 62815 42072 87839 58571 87992 56565 12097 340 88260 65898 39485 25543 53211 48604 46388 45789 55177 43880 33043 88797 79446 56002 67061 44224 72959 54312 25815 90341 23174 35325 5375 98463 1441 44332 20244 52030 87421 25117 1353 16068 21994 52049 97109 97322 630 40209 28921 39225 39568 71764 43796 5456 37144 17724 98542 98288 46536 4068 53655 74889 96024 32258 55833 56349 91301 38292 58684 2665 99102 34473 55531 84754 17565 39751 93852 59232 4580 58389 58124 54027 72523 49964 13369 20418 21422 87286 26210 13820 27988 33916 6298 93656 72911 6177 4245 79803 24489 51041 7940 81785 66723 63007 10505 81241 12356 61453 26305 55331 91620 96232 63942 37239 61322 30153 31048 44769 37695 83583 32772 10591 11566 99450 88725 19835 42699 86213 85839 19891 75706 25860 42995 65710 8535 44488 75445 23753 4439 79801 84478 76325 43783 60 2134 54610 30026 6776 62188 49053 65954 17539 36581 50839 43492 42516 50734 24808 81596 64408 78430 97106 43023 48467 67584 89628 4006 95947 46768
636 352 3689 37964 43709 82370 40219 43851 33879 9190 17203 71102 14996 30977 26635 32288 91209 33659 60413 3891 9599 25020 38583 45938 99295 22651 86369 88212 62572 46851 3571 65565 30625 88591 52716 86115 90738 51973 76649 69064 60266 26262 16493 97065 30037 69448 55263 37893 86239 93327 12048 36103 79733 77509 92728 90497 18428 31426 7013 98222 94710 47082 43112 27359 8697 87103 8098 76821 61864 2475 21547 90221 39148 61821 33689 10852 83306 84183 6371 79911 26639 56664 86794 98797 21494 81973 38785 14567 94704 96956 99794 82448 7725 60522 2995 67568 92518 10335 70674 66993 48668 37595 6472 36253 69486 95844 77909 20259 87020 80414 62601 26010 47532 45903 58241 24106 71483 26079 6988 60722 65750 11245 33555 50005 17449 6115 38928 21058 57847 67411 21483 86374 67561 56385 7149 86055 94940 36843 15035 15796 53994 20131 70099 24660 75085 87901 4205 16899 64480 28486 13275 35690 27501 60242 90285 86565 74371 1287 44991 50399 20863 68084 9219 96560 86744 31116 69081 91941 56084 87676 24252 84182 12222 64426 94696 62772 21466 93201 71616 25560 24001 67069 75653 94553 88997 43156 17164 91039 32757 22636 99924 94381 5164 44466 45624 45965 66725 99582 65908 38410 48384 11711 98687 9336 11798 25291 75343 74029 67421 4913 13293 61660 3385 33944 35478 7809 62132 97891 48278 22817 35312 47383 16437 14720 84055 77485 26531 89190 45852 61260 57326 12539 67439 21793 7155 20286 50589 37528 44170 15079 52556 61201 20682 5378 1542 61710 30290 30463 35223 83129 28469 79690 31781 32907 83653 11674 61450 24945 5433 35319 94464 10504 20551 86201 17873 97977 97116 8479 65133 8076 25764 22193 81972 25221 7376 18050 23331 89556 15345 31735 33387 58850 8646 90846 56621 13589 65419 49330 37007 16971 7986 2994 93973 79526 54979 84360 4223 11278 39198 24166 36066 80904 61303 86245 39760 33315 4495 83761 56301 25278 26445 15478 19391 63197 85384 55499 47688 12839 30832 33286 87969 36984 8530 20401 98987 36612 15641 34778 20828 65507 79154 87705 4230 61193 23273 53384 64525 44599 69592 79162 39552 14089 16560 67039 1840 95128 52140 11371 48543 29123 41304 52195 98810 76044 89473 7595 71371 54386 86377 62324 87996 50677 64759 2805 18452 66216 40542 80359 3207 31695 10020 65653 52120 36269 38476 39770 58832 34519 71895 38880 57932 92373 1044 27118 64938 36204 42824 74564 52739 32634 5699 65123 95979 32344 46432 12413 90079 98537 31988 35259 53560 55946 11967 87604 32966 62074 63164 28944 63614 10880 55438 66518 99669 81049 77543 2038 87751 60563 80524 60916 7329 66079 11216 70535 79561 12324 17870 90076 66005 31537 56272 91040 5066 23819 14575 60730 34102 1857 14876 27366 94407 64151 67431 49941 33521 27227 67072 99125 82558 53638 38296 3284 95030 6224 92787 21750 45865 40545 84309 29368 97689 17713 68705 21229 37014 6866 58068 42217 74773 27162 87450 199 59796 22949 45678 3773 74647 98233 64464 61885 16432 63470 66591 4625 26672 890 98349 84117 94296 31806 63537 70810 34207 35640 89285 26360 66213 77074 68310 39030 46207 62204 93272 19890 62461 92603 81493 75466 50343 46121 11013 95186 33661 97434 4526 68310 21810 56307 81877 60463 8487 37618 25782 70676 20288 72828 38704 31299 59639 46237 44997 86027 70806 97666 56579 81207 5648 90627 36227 59455 63976 34974 92242 9296 2614 60830 90645 46186 47818 26835 71205 93195 22004 98551 11220 47196 39961 54292 1208 60408 11000 77553 65833 99838 89838 17569 75897 99063 68908 40043 45462 19545 11314 29615 20232 51158 30541 69892 11402 63783 17908 29429 8776 56574 26572 67902 21010 98272 94573 42777 36714 79483 2839 18793 84800 79418 71365 13180 71052 22124 35660 61288 89862 65975 83678 55460 450 24890 12697 7160 34145 95239 50841 29272 13646 14682 59760 21055 34509 65594 13149 29760 15453 24051 98550 78494 38094 21512 75570 29878 77515 37490 19297 17763 56288 56535 26112 81872 99764
958 186 4431 47241 83954 20240 12112 66434 65801 14725 54009 28851 74384 22417 77927 62020 916 57021 34678 49126 82829 78853 79564 74973 60406 61598 19657 76496 27824 98414 82174 66669 58848 17450 40275 99342 85216 83197 29274 9480 27763 34422 36438 18943 88011 9283 54261 87256 31284 15867 31849 48020 98849 7210 28546 11901 26937 67241 77714 68595 44559 67099 26792 6417 72222 52274 67704 94930 3674 31454 29604 98499 67277 36197 62202 66633 10137 61845 60192 8381 9726 69040 78397 26642 75341 95368 53326 74343 23976 37247 80677 6977 98756 87002 71644 1524 14854 10264 56980 78072 82567 33428 75547 45205 29208 35045 75496 320 22460 73021 91141 64462 28955 87239 98701 34588 60128 87677 65474 95418 29296 69269 83573 35210 23134 6945 5223 79614 15383 49738 97591 72744 77313 40858 93302 56680 38056 27168 17418 58207 49705 8017 44373 18615 65187 9553 38089 92378 65403 83007 55880 74252 40091 30500 60226 41580 60809 25157 79979 40739 64492 84100 87326 63021 70350 94405 5658 2836 4133 17583 2782 83968 59203 56885 54079 94624 85428 28162 37029 64875 60256 93939 67052 5254 6749 14411 34571 29576 29360 12796 59103 65356 97125 38481 48358 29606 67403 15741 36913 50340 38551 29023 70238 80028 72740 1627 39211 46519 54601 65434 18308 72501 38037 18277 54207 1218 7842 52714 9447 73658 4290 10593 76909 31526 87164 61489 30548 4388 46816 43905 49778 10039 78712 68624 47876 22882 91000 28244 2456 74883 18743 16329 6195 90933 85439 34122 77233 9757 58665 42852 14251 29084 57455 45436 86908 65337 61712 43566 81004 91847 73225 298 34551 7825 64681 27340 64555 71777 67754 22412 83410 49361 3910 45491 69284 25559 54392 77269 15034 80778 28135 82194 7743 59443 93130 21460 20936 42812 72936 74018 54855 80643 40126 62300 56448 40068 34825 80380 54510 12820 32157 53160 91493 33961 74794 89692 15309 14226 23644 80317 57076 55128 75448 22035 54206 83242 51083 253 17994 23756 83592 58193 26206 70719 32980 15540 45917 75621 45627 61386 59197 12892 95180 45204 70650 63207 21351 70796 82950 41114 31889 31349 23637 45195 86230 69145 32843 7619 77103 43668 13905 36521 54156 44065 97435 20222 67519 47446 34046 70510 56596 56077 22174 89022 89271 38255 41220 87844 35427 12695 99710 46510 91847 5037 52706 15241 83903 87530 41412 64911 65587 8602 80157 29542 88170 28120 80174 92809 78047 76693 1829 40340 26837 66819 29501 36588 51478 14372 91585 59953 41436 98963 46814 1773 4811 41014 18321 55296 4731 16912 85045 47505 18279 27849 30882 74855 28517 73023 95530 40124 64006 22664 45958 82465 92696 84757 9296 24195 54093 12278 67960 9616 21347 29068 18729 53528 786 68045 5567 84222 22812 22933 45958 58230 25030 6009 21250 912 96288 50034 91774 9484 99738 79240 73461 21119 61627 92920 19205 83834 25650 41356 96579 2423 38602 70962 48182 67716 13122 70464 99267 97237 7783 53743 81985 38318 46426 11429 56570 84340 5200 13066 33709 89167 86159 77758 83843 97593 22184 57693 96087 23240 38853 44034 95758 77234 24313 41662 46934 55624 36795 80623 49554 4037 42063 85343 32282 24229 2097 42793 46058 98391 38223 28424 86617 62476 80749 90449 65151 76763 23612 83333 4894 58653 22815 23875 60704 92579 82291 73044 76521 73161 87662 35625 81472 24335 86787 40818 20759 55006 10733 42636 58539 65114 49755 71717 21084 56806 23872 85946 86526 80476 18746 83328 50577 88709 8032 49424 71451 94014 62315 60800 2447 45118 23541 92852 23098 49189 71318 82330 30290 5380 68089 50774 80395 47035 62553 49564 51903 98740 44570 25021 92788 20297 92448 62498 38662 41507 68025 73209 23436 67695 80707 81378 48624 87596 4185 24239 37805 31873 61008 63981 6949 54708 82225 40009 97159 49145 41305 73080 89319 87677 34340 78161 37501 60553 78515 749 67369 82159 63539 45565 66158 30319 96296 77768 41595 32147 12946 52917 74970 73455 12411 74994 99697 63898 12757 84218 46650 71145 45570 61688 19855 71288 84782 36566 97445 8905 71548 20995 86286 88735 92551 90579 11276 23015 75000 75407 16404 79630 38625 41567 67106 6380 84968 56931 48658 26450 93088 70903 98541 64987 7078 24001 54214 27884 92960 74007 96768 69730 10522 2010 94105 23959 71236 74051 27167 32741 94669 46384 24122 41366 31080 47975 24229 6085 24571 7216 89442 15634 45304 8616 50620 4101 77432 73827 60015 98047 35390 75834 27147 20750 63905 38183 17522 71497 93335 95464 48685 87169 6077 84828 20420 99510 92025 20671 37566 20206 24868 66852 93281 22001 36869 787 36594 39682 22943 21699 48370 7480 10726 97671 98080 34257 19326 2888 2782 82997 49551 91586 90859 82528 6984 90229 61237 68806 3635 17234 67181 92204 53281 73464 95313 60687 40144 61421 19971 64542 92446 67347 16611 82168 36161 6942 17432 47151 17103 78506 11177 44594 70056 16404 43371 52554 21808 62208 49339 91437 74107 69739 55070 4360 85634 33755 79642 45652 64234 8259 67235 64266 7812 58076 65089 19479 91956 7216 12817 79426 57555 41133 65589 84591 27460 64922 52664 72166 25367 63915 12933 98061 80356 31109 2019 1033 73506 22387 51962 44479 30072 59850 32735 86032 84527 56675 21719 49002 33762 33997 88511 50549 52455 1222 63566 38232 42550 11897 29269 20682 57545 47332 45081 96735 8604 36864 9694 11785 75374 74257 45204 49265 3680 31163 87497 61354 15958 34003 80173 44944 54331 87064 38917 29098 16064 22160 5851 50653 60510 48990 94138 28861 90118 23023 91091 22171 87524 57216 15309 94205 41269 93976 70687 56263 65372 11411 30194 15679 57977 55038 57009 39616 96294 62598 1652 60892 79737 80319 12436 91918 34568 62243 39193 38129 51810 45461 5611 49851 36996 34700 40676 41021 15457 37283 87490 94513 73200 51897 34449 28542 83470 70831 93847 85741 5766 87630 77430 88493 26652 22900 37106 88656 82686 59193 42353 92662 80732 72940 99742 373 98441 16922 19475 74640 7253 75466 29007 84714 76061 85747 34737 61629 24006
936 596 6970 20147 9047 39700 15 37711 58489 73311 35625 48979 10790 42677 50382 92514 65676 81265 12192 42150 71139 99959 68467 12378 93916 39102 6740 25606 51486 14938 46767 65750 94434 79317 53282 88308 62231 66214 20543 48414 34574 96811 7586 78172 65452 15733 1841 32263 30178 69821 60045 41356 93787 12249 68075 75273 12701 56773 70418 15264 53739 88563 90043 45262 13647 31886 1170 36791 71051 37668 29992 96322 20872 19070 45749 98388 89175 27683 53042 50110 99809 28473 6764 46873 77128 25957 31542 99624 94900 72457 59301 94398 64991 55507 97149 87568 81871 59261 30736 58331 47896 73673 67388 56277 12646 99110 60895 9371 11384 35508 7394 1369 83055 98897 12639 39267 44853 15256 30488 82348 57196 6905 23507 68073 30794 41042 30297 2065 20842 80081 55858 378 7638 40431 61571 34158 18987 3983 87795 7117 63379 86168 78224 41039 24841 14534 52032 73579 86784 60708 98943 13388 92166 30932 62784 71637 78417 12173 35604 66087 82521 33552 65380 89663 49357 1019 30790 46851 13071 39354 97122 75456 12765 16105 94155 90973 46780 36434 29309 9242 70297 2715 75568 34499 15534 43583 46498 15451 29709 73861 53102 56075 31597 393 2208 57519 459 72703 93411 84010 39340 13043 54618 45444 95994 68038 31810 62746 88993 24730 65041 96766 67044 9738 59229 78721 47768 37872 39016 36856 73357 83191 50343 95716 49871 62655 31719 19249 76661 66649 4829 66553 48224 22210 89019 76460 65971 60988 75308 12675 71833 69825 90316 21425 43094 56242 31053 49146 63714 77130 44630 96302 51514 24058 56616 35526 74800 5069 56326 97340 69632 84098 24347 72727 54956 65319 79937 20593 28136 22083 96176 16725 27068 64300 70659 88557 74457 83909 7402 85855 9262 33774 86947 3564 51058 63425 74250 10789 89231 43899 81146 50428 10828 44507 34755 9862 67181 19573 92653 30751 11446 38645 5040 41019 69116 16075 20316 60217 24339 97286 89374 11881 40190 86214 55880 57208 60152 54191 23607 81797 84920 95893 14136 32150 59676 52302 9219 33914 203 29252 37178 14412 4708 82469 16499 36138 69474 1214 53264 34026 67228 13880 38874 97357 14336 89794 95547 9261 9373 90113 52818 55011 17175 11938 36998 60560 2455 16466 8235 7057 2189 58543 87133 74775 2548 22335 67916 35510 61865 53112 96693 29315 66265 23299 84454 87378 56407 79719 27153 62666 36140 28931 48232 24753 12785 39350 19752 43811 36086 51695 71876 75350 88902 18839 88884 18668 58857 92952 4419 77284 22226 70938 32967 85695 5773 19368 1705 20323 33028 96230 32354 34428 79640 52753 67542 31257 60624 39890 73511 50272 18985 28525 57476 5309 93722 61091 93115 94630 51913 46086 10614 77072 25468 79266 45406 99063 69145 56235 76271 60839 21549 18936 30729 2734 95969 54422 95055 55800 63239 39665 5201 4792 61756 58281 48686 11736 29842 33686 52052 3621 24197 67305 3429 23527 74203 68542 19371 92248 50537 40303 97854 11710 37403 22548 37685 92557 3873 6 23706 51838 94677 13183 94317 48159 71851 57682 72077 10805 11720 8688 20669 11283 92230 19806 58837 17936 14292 95084 71079 82461 48647 67916 13567 8025 79026 50964 49735 99298 7446 52924 78316 51439 46928 44195 31851 14176 19859 96016 52877 52324 83898 17226 56910 18744 44232 23735 36129 17780 81693 45653 60850 8551 18204 4019 80182 53195 17551 82400 61075 34303 34235 61773 41768 36498 95500 3460 70674 80399 72734 30127 92471 4772 47153 73882 65428 8758 94882 36466 38758 38097 66680 65156 87844 93678 37597 49707 41266 68982 32906 9478 50245 88980 22801 93353 83571 74740 13184 2157 22568 50923 15041 45477 47385 76787 44214 10199 13270 99506 97691 20860 76050 35567 33285 16363 81222 2052 39598 52869 72187 66770 72253 37263 74199 41291 94456 10464 38375 38467 58706 72391 19363 72886 20112 22378 72623 42890 85968 2336 62629 22091 99118 98472 84771 49412 84954 29698 41055 7409 35433 80346 5595 45987 99697 28166 85626 55041 1899 25777 10760 62121 91707 47289 97874 53155 73250 10200 35210 11268 30833 69725 29224 89514 86100 54865 73316 33998 17900 31477 9481 38523 8437 69105 76646 95992 56531 69519 4929 66699 80775 69560 567 62601 80744 22686 89770 63355 18655 65354 54037 75009 1098 13037 82630 12459 88612 90154 99417 27591 14056 21281 47220 34156 25787 16314 52328 25125 40489 46194 5636 43647 81809 13581 58091 71369 20368 56669 39888 71314 51924 30945 40939 86096 36754 60532 41500 29477 89850 68781 10461 26990 7290 94137 48840 57942 17868 41624 61801 41516 24452 14854 75429 43013 8918 96608 45675 68808 84919 43724 37583 88257 875 3834 61663 17971 1795 66496 11954 48964 44853 362 15441 98238 55732 30239 70069 60879 90193 80809 10461 53240 56999 85249 9865 96846 63420 35950 50953 86586 48152 47125 41147 91713 46167 89975 56235 58096 80393 68874 38750 60469 11113 12566 35070 75519 6056 30016 37517 13001 28855 16076 43016 44775 96019 93645 94385 64706 59813 51695 37931 58840 45023 14562 69201 47670 98815 96051 51380 15443 91643 66389 43708 25040 5887 73952 29308 35797 11200 90925 30923 56593 64167 92483 92775 28382 67326 98764 76559 6699 10199 2465 77469 4913 7983 88514 2890 73124 22750 75645 48593 12378 93127 16608 78095 68771 7206 11705 7656 69073 81620 69316 2635 21582 51976 91922 58380 15277 4705 99592 5522 57113 35464 66097 8645 6790 44970 36924 72298 62454 90736 29117 48939 44843 97791 74509 12336 22406 88532 21646 44690 59995 5943 54857 51160 89335 60600 68539 69937 990 25198 65903 90156 71801 35272 30965 13614 86543 47981 20042 91526 47263 47571 99458 8694 5707 79236 42195 5522 45237 12303 52585 35958 42752 44507 16784 60030 54308 71694 49434 38560 16876 69230 71458 79456 45983 61907 61991 884 98778 66435 28439 66852 62127 91584 46074 14996 15352 67767 99050 21181
907 435 6303 14467 91612 32923 68940 73735 59394 50364 73862 47349 44747 71697 33717 1593 90403 31064 24190 22510 16243 30069 99604 50709 86340 63262 7331 65587 99544 76497 1343 54865 27820 81030 69410 78528 60611 87508 64598 78160 91891 48889 34212 95915 51789 48614 36894 98582 81263 43081 10931 72567 23324 50581 76186 3032 46027 68317 49745 8657 54774 83429 52656 55481 58850 92599 50440 65411 22066 30230 42156 25255 78894 2160 99670 3296 52739 14169 57259 31770 18783 39406 83910 55150 50214 99300 12987 25420 7814 72522 67990 43880 50836 11824 66036 87192 28355 76976 52859 12729 56455 95179 14064 52350 88993 48038 35681 17553 9723 19437 5773 94541 36065 58824 94711 38134 34383 83039 50424 90735 22713 80173 41267 37857 11554 61008 53903 98733 81511 14904 58470 27018 52122 12571 51877 82255 6985 9270 68146 47815 76338 72372 68958 49279 45500 62251 48637 75541 19929 52038 68755 72800 79025 29253 30874 41141 92848 28636 14499 17936 78956 44504 86713 87652 28617 73420 98849 56001 25655 47569 39976 75632 44271 13524 7869 76867 26995 5586 347 70062 94963 98314 85709 30312 1773 31231 22260 3436 12654 63172 32945 89412 29546 36541 42599 29107 7996 36855 15882 43204 9702 10759 86770 80719 82687 46695 49955 32114 58279 10916 87285 72273 24820 25680 995 68738 77320 36681 22194 25517 20078 56324 94469 27352 45058 61751 90564 54241 73669 55300 67063 98268 30864 45048 53261 53092 36676 64645 92297 86015 69986 38451 26834 83618 91985 89084 64425 40558 72165 53903 21422 19288 1616 69603 72210 78485 89259 2737 45476 73533 61600 37045 85657 74239 87027 91012 64156 53430 82716 30533 99527 44914 96429 55338 41310 57675 47866 761 73861 99000 55932 60163 33853 93192 17390 71446 84914 95839 15748 53317 83380 51214 17963 66765 12279 77911 91482 23693 6313 47002 11644 72930 78954 19866 22484 2317 29818 57097 92332 67854 16175 19311 42232 91239 97234 34629 99046 35406 38455 25042 98949 84641 62801 17641 43080 21032 68036 65200 14835 64754 24036 93323 2647 86352 58552 76192 75204 92255 50740 46486 62940 28610 59282 27615 50404 35683 39040 32638 60326 95330 46021 37095 54971 95895 22386 43772 60175 52610 61254 26871 13882 14836 1198 91435 95371 63369 487 72297 45697 34025 94438 24827 71584 63742 99936 9415 62665 6646 66983 41193 93396 55498 28522 78899 22177 15318 88017 61381 80137 63111 59349 5073 33922 66305 29088 43515 71364 32359 60651 7295 70786 71411 99723 57491 45762 24626 46507 76119 4123 52566 70206 97701 96089 91616 31352 59516 16328 76371 77793 7514 33941 9899 89482 5847 97876 57293 89466 60626 15009 79887 79863 66532 99472 72961 64535 28480 98015 28528 88649 87409 87226 37834 75398 71700 50800 98993 80758 1628 87097 6521 86345 86503 34656 14567 49405 97768 26839 42597 61921 66269 78801 34523 10751 85322 71801 57387 84394 83445 74799 98470 43314 74613 80269 17401 48742 71983 76395 70849 14948 4589 67054 23184 11491 32732 48697 75312 7871 15685 34938 9498 40787 92019 81531 85995 25384 83625 74111 17866 78029 58073 83768 99622 82147 54543 69508 77527 89675 81851 81671 40650 85221 39882 83740 2700 89370 93922 79520 18340 19887 50881 12024 19219 17528 73763 14921 65525 63770 61712 71489 77155 29893 1013 51421 79892 38020 42267 32144 7444 90251 72254 73512 82609 22252 87405 14790 78179 91521 79134 66362 23812 19606 34742 16066 81550 38663 23048 74027 82967 25725 3651 24137 19466 89688 27588 70035 49613 49377 35976 18327 63049 65801 81685 80403 5894 33298 40498 22315 34324 72197 28193 78001 91825 17611 20529 57975 61213 51138 40201 17822 31552 73931 10781 3042 66519 84050 10201 42800 54837 57542 13980 6677 47014 15663 44165 59974 78297 14978 92884 22634 32564 62385 12274 76075 37787 84547 1925 46608 22283 17035 47234 59553 81416 1948 58954 43275 25882 26290 18257 11523 10755 20512 31803 88372 89456 74982 60545 46439 64714 61757 21863 77136 45410 15914 12735 68450 96146 93699 9061 15631 39554 96495 62321 95394 65105 5083 56054 50674 32685 70213 33868 56033 43399 94563 86799 30006 69722 57511 96099 8172 22804 97177 64437 62939 31241 26216 72673 74307 81755 53794 90277 41082 45814 50103 66309 41632 78787 46005 19793 90913 46223 87078 80641 56794 37732 98871 38037 50779 65873 43851 67750 58928 16549 25039 42411 44166 92715 91632 83830 57718 30305 99226 42140 19931 75339 38644 81193 14795 64790 9709 7026 60162 77258 73100 33714 40029 20021 69315 27892 68983 27754 20914 32213 44436 66975 72892 39857 65911 97942 92766 40960 4315 23318 61588 37253 99807 88214 42578 19264 23585 89482 95390 72130 25773 29983 87176 91753 51196 99011 38386 14089 99333 93726 96629 11969 70357 19002 11607 80310 25783 71451 51262 84469 4919 32365 23096 45854 13833 27665 56746 4800 27201 10605 43820 25780 32954 56612 89316 40100 75984 32486 15448 53378 27644 75645 58976 67077 65883 17957 25622 17583 94306 21327 26794 615 32668 23662 22642 21096 2686 1756 57174 95531 64171 33471 16833 20437 77981 93422 54182 39198 28189 46612 3501 96323 33934 23984 2719 79435 11837 55396 4787 14847 97681 9519 78348 94612 84133 58631 19116 44874 15890 78922 95803 93267 2267 36590 8849 25973 72950 27000 2612 47758 91127 26102 92201 13261 25021 82046 31494 79056 50845 2664 15473 8390 72924 78978 1921 68387 50495 66280 65816 34443 34612 55504 35075 60071 6884 25763 86337 29144 19584 7027 96501 28788 25686 39623 32999 62485 44097 69934 61316 81747 45631 14112 46177 72414 373 72574 53976 74570 91479 50635 78285 28728 89630 92162 37154 30474 39608 55755
975 754 9185 38566 57605 32062 45768 61060 78232 53752 8202 68410 59017 86441 78924 60148 35551 15887 90799 9524 60663 68930 34530 98074 36678 73745 47968 26019 92506 1071 72695 62729 58795 71994 9824 13861 90369 54377 48539 86942 29922 32062 15470 68230 45802 74209 34349 80956 55931 19824 25535 29529 78718 17722 36442 26157 17860 2504 83981 47814 99669 47954 16891 2707 39567 53327 43846 88781 83563 9892 20545 43047 48844 62461 37049 49797 22183 75787 8930 54536 51096 77541 27809 81580 62839 93538 516 39363 22105 16491 30944 26872 64981 20875 4913 10089 59936 71916 19016 28633 9357 25322 3550 16203 61720 3013 90912 75874 45226 23085 57233 64290 74826 82955 91585 51327 54612 256 69813 77939 91631 96506 32160 76747 29412 10127 33594 24054 52159 44786 10620 54804 25796 53441 95621 3557 6292 10897 60944 91934 26551 57104 63876 96249 15060 66981 69397 66807 72355 44123 24532 46211 39184 38055 16717 57026 94092 17311 70095 32837 80477 66678 17728 67674 57406 64501 41002 8576 15947 76463 83433 74993 3012 46703 99915 7035 44801 59542 40788 87827 47047 62382 89923 51056 2997 92212 8949 82898 24949 33511 25906 45636 74303 23016 63118 84120 70219 36538 56149 73356 20295 75376 43957 46244 14499 13655 43341 73755 27113 77528 27879 78207 99991 60773 9971 86533 25737 79751 16479 17836 75351 10447 413 30135 16540 75980 71160 64379 70072 68094 39373 91792 27108 22440 32663 79604 31626 90768 618 9779 59432 62173 9018 17417 95267 5259 32218 2485 98316 23590 14240 67474 69398 62872 73433 87054 28375 48158 21838 39682 621 57154 76314 55651 41691 28118 72173 93873 91427 24603 56974 17776 52918 42978 48674 53959 34579 22021 17574 38772 78627 63375 90874 31865 80575 69957 73145 71120 65130 66320 38949 47824 92045 19891 65562 51127 55856 25473 30951 941 35521 65500 5503 15125 32966 57145 87602 1486 10365 59152 98093 68311 20207 97256 97438 73511 21523 49359 80224 58137 94043 59439 27882 16521 85140 39279 47205 99830 25570 35700 65586 4523 668 51683 11164 94005 31567 19866 955 13857 76470 52764 34797 78234 26025 14126 8825 61762 39506 31659 55910 39652 34253 7441 76552 40631 14040 93889 36974 75176 54889 62096 69542 7695 14638 47658 50922 10139 92664 2421 7292 10702 5186 34774 20868 77163 44929 3705 45714 27124 12182 27495 93683 50736 75788 10362 88352 96138 78159 75846 50496 73879 14224 37113 42928 74799 35852 52809 57562 37053 69817 91906 63145 33717 95814 66909 53986 30316 25925 18473 34565 42952 64234 73150 64979 82488 99245 72533 9522 82658 60049 89962 65287 44798 5996 3921 78523 16933 70455 84138 10337 23246 47248 7347 28741 75649 5736 46684 63285 24857 16639 4750 55167 32625 98138 17627 75079 96310 68749 31231 98566 14067 32031 21289 34117 4815 20342 35395 99867 77858 46142 65568 71626 83152 24785 17907 40798 43832 78353 60310 16014 46565 53228 17013 53900 12833 62147 65586 87517 13548 61466 38397 49989 4796 72965 84082 48126 69343 80573 37960 64372 1114 58921 82931 35349 88873 61036 91921 85622 11122 19072 23623 83703 55936 10179 32989 71103 89442 37337 45860 89350 98016 55351 49348 76398 72130 43347 5135 3021 41074 23170 35037 80476 60818 44815 69637 15136 18417 77141 83920 96618 54711 64656 96132 57568 63451 29665 88125 67634 35507 72728 62778 61908 98740 7771 97930 68262 1160 92754 86523 40749 93636 70742 6710 16774 17556 22622 63802 24627 24891 49956 39618 14476 56727 9042 96631 9034 33798 806 10038 75591 70780 31812 6169 68984 48013 77945 64749 30516 74811 30229 28989 65123 29117 41447 69701 80199 81775 83357 99192 37588 84980 17133 95924 11236 50594 17933 35380 6208 63807 5162 91223 12227 11371 2265 93173 97335 76145 3266 27060 41456 55198 49431 75225 81927 31600 10418 58655 2280 40242 17928 13566 86094 7486 8766 20959 60614 63377 6233 70441 33756 95595 60816 66754 54341 40673 85702 83350 6795 33266 51499 73052 30587 28708 34439 43280 28390 65867 78782 4108 84685 43520 34935 78630 95079 54816 43754 272 89566 83032 78553 89259 27764 70210 68230 12928 96578 13067 45757 25393 16742 64103 96541 17114 48773 18013 48700 17708 17303 6097 33344 26034 47622 80774 32480 79093 32957 52788 99447 61018 64504 36918 4222 85424 47255 88104 86940 22628 51848 64731 60145 3635 77954 6642 13994 32292 59581 1040 31135 1560 15633 80254 86910 36680 30258 8527 66412 19272 54868 31661 39991 99881 30364 73704 40782 78566 60353 850 94080 35027 42581 34453 16950 85010 90058 67615 45086 21458 13588 31486 26717 35098 61372 72488 62894 831 64678 9360 61691 71395 69300 84608 1135 40198 89702 71942 30347 61141 51958 63553 96031 89474 50241 55589 93572 59433 82399 48661 51020 70252 92801 80523 15948 58064 60132 7487 78361 52656 76396 9780 38804 99428 98815 61026 35659 93318 21820 70542 44583 87079 25831 66501 81349 38382 89877 53334 74833 52075 63346 90230 18100 13295 94007 39872 63398 13655 5563 50223 15432 5726 5821 81410 43798 3946 38297 23302 33372 10949 35701 13061 63175 70127 54475 51156 48764 65123 8126 88512 50176 88493 13066 10900 12885 94551 52151 52688 42348 82882 53419 61128 42589 79819 36800 85570 27072 96388 57042 83466 37899 45078 34711 43665 38473 24927 22537 27109 29903 31010 44603 85948 53687 93488 58203 26983 86410 83471 74324 65645 84590 54262 85394 67624 38216 37521 10270 73200 22946 16057 60911 39027 45481 24286 59453 19231 18351 51867 65464 54419 60310 72510 56535 95928 69570 46137 24167 57527 11800 39478 77878 17034 28406 89850 20548 58617 45838 72307 87559 36705 51007 6422 90280 33972 50492 98026 25516 52878 91899 88230 96593 114 85312 22184 29612 35394 483 9408 86601 55466 77114 35953 46438 81371 48468 2212 18133 82787 54749 63461 90174 27742 75987 21195 34496 73825 61257 69764 94632 38561 22725 11709 75158 31890 24499 58254 24713 23556 77460 57458 53896 77990 6478 60152 6929 19159 60920 7591 47054 51132 13442 47369 20431 91985 60722 75224 47666 47883 13535 60831
477 395 9501 80071 31866 15914 76694 54290 16380 20953 38694 55143 35655 46140 46281 55938 14951 79313 49431 93736 84420 34579 5825 41128 89432 3912 22142 39627 75315 85343 17248 21976 58260 91631 665 55946 37374 74556 57946 45912 40604 89296 39671 43689 6665 52411 32530 54673 80384 9441 72696 48765 48753 74419 82096 54850 9112 54699 33199 77237 25223 14110 60719 40614 30343 27821 99216 41527 65585 98112 16389 76858 48603 17669 15096 76593 39469 74940 73274 12786 16426 30848 51124 98598 13634 31207 19468 52903 13099 35458 90504 58324 10685 27560 20270 80283 93981 86666 12581 84487 59364 42935 88741 94626 29311 57451 57075 62065 34438 75586 41102 89949 98551 96985 65836 97467 60768 51770 11659 29186 65636 1537 6659 75336 48739 39592 34094 26755 80338 35092 65218 30383 67322 42167 46495 51869 70764 9569 33488 27963 23210 81970 3543 77009 81820 93524 8006 30206 24121 12357 48653 63339 34118 56960 44890 58201 49495 14646 21979 35075 95624 79413 75676 47954 85757 70767 17789 78580 25966 80677 90031 22710 15607 37186 64790 26306 77834 24338 79346 40693 1528 38602 84605 53493 27563 57570 30796 95425 72691 30963 22528 90234 43077 3245 20090 32404 46146 22040 60519 49336 8188 93209 75204 89251 54183 91585 3359 13459 31570 49805 15594 31336 25721 40811 68618 27184 51543 4147 7730 31401 77280 39214 74565 50214 88719 84554 88646 55069 59257 40374 72633 62284 7589 88816 69852 7289 69003 10786 15363 95658 71355 62869 39470 10970 57015 97241 76463 49976 94732 78517 38898 78679 4179 26546 68401 93462 3159 79839 26633 450 42724 40511 52010 36746 76767 53502 20359 62395 79560 33451 45165 82013 34341 49615 93985 74716 49749 5552 45032 95340 50065 23635 72427 59699 28693 75906 20186 51305 91706 12176 20365 68434 59401 80555 46734 21551 93540 65829 91518 31445 42857 19678 33900 73009 89559 29892 2182 56757 36269 32717 79723 16386 53252 70817 44031 56017 96577 13430 23019 64311 26400 85685 62126 64829 77898 69365 53658 58702 5528 7561 45245 55875 90483 17842 95760 52629 25418 61826 64303 48096 35172 87388 15040 93261 3202 25583 30558 43217 92172 9067 7844 8678 87529 58244 33101 97863 30949 75617 16969 22670 82601 36002 53504 21512 53774 42945 69144 82063 6890 2069 95935 10640 87683 18268 67160 5925 89128 45631 49456 37017 64266 18069 74820 16328 40390 13864 8792 31764 32397 98106 51349 95519 99211 6279 93904 71133 13613 47922 37221 71113 68721 2893 75956 56036 463 19615 50627 40006 12898 71902 68437 36850 28663 32020 28667 38288 3176 14052 50550 42088 84347 46465 75063 6525 25805 73629 60615 406 61804 7996 92022 2811 66446 58566 31768 55708 95923 72702 14283 86239 61607 62639 39412 87663 56780 64154 27791 65575 79917 77673 15208 2960 37346 93012 74169 51120 84504 93830 60546 48437 7973 12021 21145 52192 24555 29598 55733 54776 25800 62317 72714 2453 3938 8460 88995 12806 55722 58593 67503 382
680 362 3713 34479 28706 71791 60928 79869 81284 5325 2796 55427 55844 49866 24223 25896 75537 57204 53923 57432 32723 17960 41152 76508 47777 75764 32927 79207 48058 34047 57482 84331 71005 97566 27850 61694 34494 16890 45620 9871 6413 61142 1960 98637 86632 72064 78071 74459 49371 20406 62213 94801 30755 34625 11714 26115 31008 94267 60598 33775 69163 35953 20614 63609 18089 5988 19071 31731 17068 80852 19153 78532 49944 39081 67307 69413 5932 70459 59150 6661 86975 76118 77268 36952 41388 90224 45313 14668 74654 2940 37329 31908 796 56824 60231 6775 34675 45972 32798 3773 68258 75025 52998 6093 8672 65824 62045 50385 45233 4028 31761 85585 88066 48878 15464 46939 78323 70335 38167 67377 11566 80834 37634 50208 21255 39330 24453 72996 30574 16797 11350 60660 58159 3014 89476 83270 3027 12310 36299 62267 8850 54249 22713 69734 29377 47633 29384 94018 61140 59059 96105 88704 56514 56650 60319 36643 56886 69459 87961 91676 30780 76433 43542 33215 93521 95327 51118 62265 9919 81219 19195 79052 16418 42873 99043 77410 56029 21227 35693 37117 79779 62021 24253 86138 95578 37578 30094 83111 80968 7397 84316 19843 27610 51294 63211 97335 45889 990 10129 26105 62478 94649 50922 67100 95948 33795 92372 62411 35357 61803 62189 28726 85011 66396 49797 77422 22932 4315 21722 21240 98347 16779 24113 13761 32332 21033 11445 53313 46623 35135 39607 29712 52489 10669 54338 70933 96694 53907 12561 2921 87313 25563 74326 80308 38501 77235 33575 45814 76312 12446 17817 42240 38458 13306 30865 45000 76745 52491 64611 75111 66282 70147 16635 25980 97997 85423 54300 15370 87108 3026 92670 27536 37299 2214 52099 60823 51594 52894 17912 37044 86630 52817 23973 59653 73402 15111 16555 70808 62791 80699 17656 86154 81183 5473 11856 45937 90889 45288 23887 40276 69863 27536 36611 43434 29279 91853 63136 47393 91949 61973 57644 8787 82289 15965 69969 4225 65373 90469 29548 92351 7899 18125 26676 10150 75004 50175 85581 34716 85717 26870 49731 86906 97379 49056 60610 62122 23993 88917 69216 29036 4943 74653 9773 81027 52113 75436 54897 20705 30384 13767 30323 24070 32640 22002 37577 6285 71320 35268 55534 84570 88571 60524 61463 94803 99300 17494 25746 71736 84564 12638 34929 73427 81179 3899 43948 29198 40341 80274 65420 2836 1123 21304 83546 49510 14358 54114 19158 59810 54607 45855 38692 65200 34111 74486 92311 26679 37319 18678 60611 57178 50951 17560 59308 1531 54556 32017 82013 41372 52179 24259 71288 8720 31659 10421 11211 51052 56145 78170 634 19702 54526 51265 65224 21994 89176 37896 88477 38402 44860 56817 52576 24613 59769 2473 13286 52874 97628 53950 15600 43284 15009 44751 77728 90305 92323 49814 40609 59199 38895 5395 34171 90300 99365 46342 95737 45399 25327 75249 18587 72832 16628 38534 32945 18615 64388 21790 19669 87495 49002 9858 96551 10657 83498 58459 97860 68336 65793 89081 19016 92139 41670 73509 57579 22733 94123 56893 44981 67309 74945 25700 37766 15008 44973 79865 69448 63884 45086 9866 8450 79412 51745 49723 20785 92139 48321 51638 10056 26062 84530 49073 67780 16437 75042 10847 21289 67454 53633 10109 18797 98129 35083 46479 24198 42418 838 68916 49417 6953 68806 919 36816 65840 91619 61964 55368 87079 87614 2857 53563 63414 39898 67985 23190 63105 95127 21328 98931 99889 38496 83132 64278 30876 18942 49469 87989 43701 1847 46513 53659 2337 52547 74539 25483 69155 5121 37143 97824 88552 90277 19143 70925 99725 8946 92175 39337 9568 31351 75956 34178 93193 34040 87070 54267 9408 57904 85630 63139 89583 46994 20085 55888 96772 8907 62016 10320 47052 65466 42004 99901 37155 86172 89541 66633 90588 35149 10431 70019 81841 54597 50980 74508 34649 69430 98165 60295 18708 47581 94856 79074 685 57617 42263 83127 45768 6202 52049 54961 20087 38827 43434 17977 44408 98614 10898 76548 83855 13729 3940 84503 78567 77606 19702 40967 45130 62726 64907 1026 57270 28037 78490 71658 79200 16866 48516 74453 43520 80431 19773 72147 17910 32046 43695 26268 36847 64723 32021 87195 87672 64356 2232 89197 95401 12727 66402 4207 60751 18526 76798 45232 11045 95803 33340 67468
275 16 1919 16872 96265 5402 85263 11220 18876 51873 9534 1033 79049 53967 31304 63550 68627 59794 30934 79690 4291 71864 81971 91184 12159 79814 2245 65202 8522 45513 66261 48259 44808 67208 84567 52511 91156 2945 24243 85156 98811 47278 84392 20116 64519 87012 10399 86535 56510 63178 14430 56266 82703 53760 17757 41410 6393 91243 24605 79646 55117 80099 33171 56904 79667 45631 65757 40673 95764 27782 91920 91412 54100 78195 88341 68186 50307 18380 56844 35149 86874 99706 87601 17637 24223 9003 98248 63645 71497 36423 51071 6250 73890 48908 14289 77549 55209 11696 42998 63950 3094 64923 94171 73588 40619 46702 12106 32373 49830 84873 33930 5619 9972 44160 76494 77713 61853 67863 86106 36739 94380 22353 45662 19332 34102 10801 69751 36668 8169 30086 90165 64036 25441 55041 90282 20204 23011 31331 1411 37412 39733 77745 91197 88155 86017 16454 25785 61023 80860 25649 87975 89026 35851 25187 66729 21874 93519 3801 23249 90727 76239 55227 32713 29912 15275 47181 80085 36676 16333 34096 95408 72889 70946 16074 97759 30811 23885 95467 8747 86565 51195 866 48840 97723 54938 69171 85617 46563 78446 49976 67989 47057 12100 56552 34527 97506 10560 41458 32517 64032 61045 81513 89222 9693 4227 26539 62808 99435 1892 35629 31880 40106 69918 15774 98496 66522 71341 27797 6035 30573 18402 30978 72657 97019 58651 80738 17114 20037 62780 21145 90174 30306 51679 6164 32020 25302 51498 9583 10979 7356 62759 45518 91612 38920 3166 54107 10251 53606 41476 16412 82725 19765 58109 75155 28539 60644 3308 91286 75646 29571 11123 5072 46669 58272 41614 78018 11682 27389 45288 42620 5157 59477 55909 3295 95217 25920 23274 68899
159 108 116 43989 90487 46985 91544 67358 70015 42330 16475 84949 75124 23005 6278 69374 18315 63888 53737 20893 26199 80471 38101 64378 25425 52884 61600 71528 72111 2478 57855 68727 67583 53795 14313 79300 39155 76231 33604 84932 24929 87155 1437 76382 94404 78521 43829 68352 87197 27637 68856 26212 21338 45232 74790 10760 2983 53232 19390 32458 46392 68585 79145 90431 11137 37960 47543 89992 61550 79479 28433 67986 77160 11091 94862 48302 93842 77191 76005 99017 51151 36578 28681 26995 79832 38590 50082 21209 96426 39415 42367 92426 98445 88911 39913 2320 12660 55247 50512 13491 43798 57997 12777 84738 95763 73690 48059 91020 52533 58030 80879 82737 72074 31977 48085 59633 63253 71337 18263 73614 56118 68569 44413 88880 1684 614 23926 32015 51003 99277 95329 19296 28074 5409 25503 8743 28400 58767 64636 72498 69751 26347 23039 39167 37771 60619 64212 76596 92217 68860 84266 12252 27431 53440 62308 60064 93525 24975 61681 94161 27945 51500
615 605 1230 88791 81069 53092 84356 90214 27647 59864 45078 47949 91459 77121 2923 76214 30874 20853 14179 84506 83321 50277 10518 36091 46948 57717 8597 15605 33739 65877 39468 90417 26204 8504 66493 35092 41500 73022 176 94580 80086 77737 56303 57569 17081 35220 14607 8455 83951 49243 56682 32141 77037 97519 84289 91385 70561 59380 87738 88400 14856 44114 34551 7135 42429 2247 34163 97015 5304 55373 61551 23697 4630 15290 13139 82943 26598 22545 85044 8820 84633 84322 67810 23926 8522 89465 83891 13259 28380 83555 60794 83068 29334 6976 97876 8173 5539 26074 30791 45741 65725 86596 68503 49046 35125 57797 88067 2385 9216 57663 79331 490 85663 99647 79406 33503 81118 83022 82735 62728 80692 67786 20822 22580 23066 24265 16555 79408 70780 11973 85374 72040 98838 77058 98070 33848 16101 22596 51643 52043 92008 94032 39281 81037 14170 17451 61914 1825 31122 37991 1336 58603 40136 53363 4335 91831 28798 67349 52621 25042 11892 81510 92513 66800 3050 65136 16654 49656 84911 24775 69443 6869 21021 30287 40656 85701 98891 96650 94721 5315 8307 91241 64746 47485 15041 38304 59920 2328 84388 36070 3575 7933 49735 41837 14515 62559 40752 79716 53615 51486 55751 88339 55485 84614 13060 89454 76389 57611 88737 77712 47305 5487 49502 39643 29446 63131 53683 5825 23190 85039 13894 92981 87319 16215 14142 76413 87029 10398 63119 87320 48177 49548 80551 68983 59189 88291 47115 3049 80809 76827 21393 13957 39511 3119 93179 30619 77953 92014 14726 20790 20255 82382 68341 10818 16278 84070 99166 7236 36739 27176 53827 70542 74710 45829 97938 74470 89308 4432 78507 74920 86680 6515 57706 7535 64927 75952 189 48257 41783 78727 38059 82461 5730 69344 59949 42895 33676 58829 75884 15743 97092 68757 57617 1292 36156 62136 75286 83509 67011 40809 23105 11002 29487 15598 36522 75192 56208 20786 39114 20160 57553 28923 66837 32608 68057 27647 39164 53991 11216 59287 61304 64597 1644 76333 36229 64642 82294 66396 47332 40359 65513 87805 65059 50692 66010 95783 25920 32377 57378 50777 37962 68768 23779 88722 48721 99347 62904 82305 65037 23238 62989 93036 17186 92587 89804 2164 78607 94384 18736 75916 32332 85240 87636 1490 82261 15738 94997 17592 43167 84871 73237 71715 59379 83532 77500 1148 60070 70746 869 50458 99542 950 82492 54790 24342 53408 35765 5299 10211 62028 52717 75509 99855 5653 3688 34639 85962 69951 40516 33303 77032 55740 95851 44162 84857 23120 2901 97699 57080 71342 11442 74678 84575 75324 80636 530 28023 73562 59228 34841 59626 83256 4164 85418 28226 70526 87261 76933 51136 34228 57855 53676 36025 52734 23992 79925 93942 47724 274 56834 72938 59100 87266 41378 346 84329 41365 63633 25273 24660 15847 33067 59513 54934 51168 95591 39180 14953 18132 20262 8964 13332 60723 39954 24340 46717 37210 95736 19785 52871 56747 55971 93498 76095 94968 66965 39934 47576 53618 98859 18996 56147 25406 20203 6498 47121 28933 12081 24503 23415 5381 90015 71887 77115 69325 75557 83910 31729 67311 75859 47630 16863 97522 8794 63368 11727 73669 319 15566 33563 47878 46921 91764 19257 37123 33866 18211 62104 37032 61275 57158 8451 3570 84733 15599 91221 45571 73706 78590 78933 64169 85947 93213 60959 21032 42057 35627 11177 28534 24518 1092 69989 88654 7393 39633 76668 81131 83357 71231 71521 42244 47649 14064 92391 73905 86885 93293 53422 64123 90323 93590 84417 60236 85377 47183 85886 88567 76587 85495 3496 1043 87780 95646 56085 45769 43645 59694 55763 28470 2180 69733 51857 45210 79168 41860 42716 71660 59461 67203 6280 72285 41277 29628 14850 48596 20182 49561 25638 25468 30227 74710 96596 93157 23231 35185 99756 22081 37979 17479 77068 35209 69063 24523 16060 17024 14880 50486 96637
857 771 4461 82004 45902 69151 78364 77536 84098 50692 59487 52892 7741 48317 82229 6972 51750 54774 20437 41847 35071 63046 1784 56385 65314 74487 13272 64304 23880 39658 39992 18357 40683 39322 94903 51224 69908 7649 39292 18209 69543 88151 46566 86591 27588 18384 64145 31163 99096 44800 82827 1222 1995 77757 49796 329 73503 92204 88085 16685 36162 10956 60878 99656 64178 33784 16701 74889 82450 50803 63272 61707 59725 4877 33736 10073 7002 89667 66202 64552 48272 37627 27529 8902 98789 45898 93439 5272 83576 65065 42962 44424 26533 41993 93877 80068 65504 67400 26191 71959 56767 57724 24726 90939 18758 7861 57336 44889 65403 69443 39443 73194 18288 62493 82003 35423 23688 66415 92834 80054 9730 38136 68131 30250 8501 24634 67456 71105 29167 65956 94315 61627 81229 79532 32932 32007 19661 51520 67725 48264 27542 13020 12112 41055 48535 60042 441 72694 78403 76360 17319 13145 94105 54669 87466 84922 22046 44983 7398 41898 95015 72315 63077 67824 40673 84769 69380 64888 89928 58848 31622 43372 91388 35385 70542 32625 28749 1737 57475 49423 2134 73238 80390 74592 68467 33518 41732 1859 7129 46889 43515 96511 96226 11595 46912 22048 80883 32358 93923 27632 70041 80894 77804 57528 19655 71047 6082 63065 21737 89411 26329 66493 51144 65787 69579 18141 94060 38554 71717 88677 44534 60950 9040 27540 81926 72178 19729 53240 37305 54026 49003 2579 87556 61692 25608 18364 76602 79850 67776 88603 28075 61273 43954 69557 39758 58567 31555 14750 93007 26195 47797 79263 66999 725 64251 34099 68467 87086 12955 53956 37478 95963 99083 92318 57410 28072 85968 93967 73517 10767 64988 60639 42140 25934 82651 93098 47572 88321 9708 88826 137 80838 83295 82502 53705 75337 12964 90619 63831 33359 67461 53734 86740 19715 42388 40147 22084 33196 91755 62151 61787 39985 68849 31313 10424 47934 29049 59314 22603 49060 75905 82231 38910 72402 73513 75705 21664 28907 71107 64729 44915 95979 84111 83612 74506 51416 42704 45818 60027 43505 58547 50511 64161 12754 28354 12861 23635 48390 91393 87607 68487 29503 19047 30843 9502 43132 14863 30792 64250 51575 4822 26556 99364 44889 76412 26251 89928 65863 38864 60879 92860 95205 2642 99028 96382 20547 16467 93461 21666 13253 42672 75533 52478 79323 14806 73763 28467 71809 59871 22883 58967 23359 54793 25839 16077 657 86079 40428 57768 37869 88187 92455 76446 69915 79474 12274 69819 22074 67493 24499 66406 40339 54385 63869 62970 66434 58299 70809 65242 67396 29400 62022 36224 25758 47124 91287 21695 73130 34245 2822 38469 75506 90978 38256 23624 2013 12987 96441 74267 24289 92458 50016 73503 99946 56687 74640 73670 95158 12790 91611 47668 11534 10274 37540 28530 12591 48269 22721 95794 7234 69820 97323 93733 31512 81103 33791 79609 89193 93987 9426 40549 31507 96991 87088 38405 88984 12050 77236 54733 15525 80373 14672 1378 37416 97461 74430 33244 98452 56510 95639 51165 11377 98178 80179 22441 58628 6300 9837 49905 98999 42019 38690 41895 32348 89660 83573 76227 75016 38921 56356 50311 56058 99399 32883 97571 26956 21502 33582 15434 54351 40601 98961 84342 54788 20501 10785 21088 80174 47524 19836 64914 90660 2021 37579 58918 88498 88743 8329 3752 64594 27599 21521 68123 37289 54070 84670 95567 69431 89026 9044 94206 34174 47074 95899 73554 23217 46251 27176 75751 3100 31408 52614 78750 12068 61823 68167 63022 30370 8378 20377 47968 29082 77724 99468 85033 2799 61149 52877 3904 54430 98945 92112 64032 477 78226 84349 13557 67007 53388 83125 35853 91783 46326 33163 68267 78296 17925 72478 71894 40094 91104 45456 8921 54167 21229 61405 45513 32901 97336 25166 98896 48535 70622 62079 41507 24748 99429 77632 18779 92983 86765 4521 92527 52442 27632 49966 35333 18965 23154 75932 28493 99089 55903 37994 98512 93741 69117 41321 69211 80382 47705 87908 43570 806 37050 33774 93122 25936 46924 56649 82271 81480 10003 68743 77629 72201 25573 82039 68309 1623 53079 15404 63596 60531 44595 76587 62245 84271 6867 89608 72267 97495 48400 49871 32127 34746 78973 40439 24993 83373 63826 58994 32786 48182 3860 20506 73370 58475 56285 23607 41241 91076 5992 67899 93830 57925 81926 2050 54471 27465 8352 47668 94305 76195 87276 39597 20709 66277 44602 56526 9176 20119 41197 45709 99200 75412 76036 4215 61624 23825 70111 72989 35365 11483 97445 99833 37456 89734 36248 398 47084 42752 46141 504 90280 18173 60755 80150 82175 31194 19066 74781 13036 49965 69221 50609 80640 80871 59539 16806 35845 76008 3844 30599 42895 41091 40341 7547 33339 56085 32709 50724 66923 39092 93151 54516 78012 97041 65809 82403 64621 14704 43308 31414 6912 88591 42918 79677 58270 68512 65530 28162 63495 20365 71097 57451 47501 7513 2291 27944 79224 4076 95530 85414 38064 91741 76582 59778 95267 15987 58641 73675 79776 51606 89283 78859 29102 44719 29954 67000 45113 54408 83185 80617 7882 98965 53554 81096 97075 44070 71293 38853 89171 33632 84206 30260 32590 7301 58507 85158 57792 66847 9435 42858 95044 45140 43630 86729 84109 404 69439 11679 85956 35867 57852 81108 26750 67947 35426 32086 98225 47367 65892 94252 53731 92344 36025 56872 38514 64644 82690 52919 50383 12021 24666 6847 72257 26515 97194 52609
121 2 861 92779 5847 30548 82643 12890 57935 1894 40353 78919 88459 33012 94211 50642 27293 82335 39010 76567 69279 47479 74980 52191 72898 18386 82620 69833 18203 16283 37964 35776 96257 27277 70209 34311 33063 60748 91313 44963 33699 28416 61498 62225 55218 56667 36157 43727 38117 84023 99525 19095 9974 89018 32365 58070 3250 85113 35175 9967 28249 70149 40452 40780 68901 18036 68847 28168 15795 97159 19454 27120 53719 53970 27781 25620 23295 16281 2886 60270 82816 22346 49708 59427 55559 83203 86127 25211 67922 96947 16102 82856 31261 84191 16736 99230 14186 38966 18602 46646 2232 7807 55406 12537 40251 96713 90162 65386 76506 53373 78212 82280 43879 28290 13106 70396 97957 2373 56687 20254 18459 53856 26136 72242
784 508 577 7943 79968 56405 9568 26842 99264 55879 49836 54233 91137 49876 44011 93507 76070 39081 39834 13012 28411 11321 72620 2324 58520 48874 19285 12270 44126 15994 55271 43314 34262 35751 26203 17486 66883 92307 18822 7487 10499 69763 79900 94842 68448 58943 71751 22306 66515 86885 82556 81300 68003 37250 10989 48123 96914 19822 17469 90982 12391 60985 36180 29605 63892 7216 34596 59653 45617 78402 40109 34495 37458 83116 32138 4564 49464 87983 19617 364 69197 20554 41069 80696 26273 63005 83496 39321 8106 77316 54119 19282 66637 44386 80902 60530 47091 40310 11230 5200 79048 43601 3437 84921 21206 85577 60997 65855 73501 49429 4968 99070 23456 31341 94183 2858 45508 95026 75134 32196 67583 56783 71635 26815 17896 45683 81722 35456 24948 2976 27392 74579 94410 4154 13662 90546 88896 61688 87671 84206 96261 41375 35790 31421 9018 31058 52542 6520 21751 95614 63575 97598 12325 24612 91968 20201 34702 83429 47530 6382 59208 53141 6635 72763 98208 25126 82054 35199 11586 79486 44757 87368 89398 82726 92387 20475 45476 17468 20754 51165 88568 9531 49645 98103 20979 71569 91121 67435 90336 14877 49769 70588 23044 3981 65646 87017 52215 89543 43471 90602 85961 36504 37091 72476 18923 69496 1966 53753 12364 46581 39065 68684 28201 41652 14780 60110 48627 41817 83392 20258 15445 35059 7464 37710 76241 63184 17437 59087 49947 43881 24246 9625 65271 75813 10648 88114 94007 7047 34949 48297 95336 13045 31861 60056 82628 38910 28008 43041 31320 13597 32472 35367 35090 95852 53086 15885 97215 54112 94910 78114 45111 45166 79249 59377 14117 83287 31516 90220 83928 38003 63169 11638 63459 22556 55972 97055 49864 47639 39412 66449 27005 82128 61299 7184 59067 33017 46866 40083 8834 89706 98755 96455 1894 97897 56923 34377 52432 6833 39545 88188 77790 61385 3800 24222 85891 44719 72936 51794 43477 19439 58939 46801 86338 67393 69250 40410 98949 9852 29934 62098 63526 5573 54121 94943 10890 98905 58512 28602 57099 26556 1443 34809 84884 39259 67146 92551 2427 25867 27524 1387 24364 64927 33344 94122 67597 40209 63124 76065 51865 92092 79895 60769 28887 43712 16246 74186 68060 49819 33036 50686 81239 60423 70415 6908 79015 57995 44679 56865 59779 71110 90796 12280 81973 40666 43844 42102 39595 85584 95442 478 52027 76043 35816 53112 37078 83149 97814 37963 68607 29939 38684 20460 29744 61013 99723 76785 51729 53318 21789 73896 11603 87158 37485 66938 72729 68946 14461 42173 19517 67224 14617 41590 41571 20467 54896 19181 33947 84836 40766 41147 26958 28262 19155 49798 75536 94360 55014 41738 90923 92822 11293 46138 58421 91709 51891 21965 11841 72366 71043 86548 6156 96949 5326 11176 22663 44512 125 45233 54071 54393 69808 71279 93633 39263 46688 38946 30063 95908 17882 26927 1412 28633 28475 19904 71195 15754 38175 13075 2665 52440 30989 76312 10807 4727 70331 21002 94866 94397 66452 79960 84783 3844 28211 74682 60088 1193 53777 56348 5299 59135 70120 12353 52232 26483 97182 89590 32048 85772 8664 37784 12141 14569 35285 8021 62361 62771 87806 48296 18375 72868 90157 98911 95287 10964 37780 85662 17195 67892 40433 52015 9333 79618 19300 85603 12999 91002 42970 48780 52772 18036 92598 45105 45686 84210 24908 97792 87054 66010 82391 29350 55078 63651 69006 80165 80194 1764 64922 65610 87154 74779 61842 71255 49776 87173 98581 63576 28424 969 57223 69570 90500 95022 47108 87837 8628 11712 2415 98061 82789 95823 32185 43818 99871 88488 843 58894 71458 11268 64736 75363 13289 91475 9154 74104 51954 59595 19229 72670 23436 39027 4502 60554 33410 79945 50767 19887 60564 71681 2194 50505 87225 16202 24032 64048 31954 17358 7722 7943 23296 64679 65201 17722 76316 5134 27185 73229 79309 7138 43645 77324 68928 84863 27941 97862 96538 65234 44295 25534 82639 38124 46169 17478 20740 90641 70759 72021 48496 23575 9753 2895 6506 29563 98793 75685 64721 18044 69810 13393 81482 23663 34126 61695 27488 39456 27347 68945 8972 81190 92516 92517 98569 8053 26751 8250 64348 97608 83793 42352 62200 12368 26043 3148 18165 36777 97278 7554 91661 78574 97244 51234 22073 32985 35582 80753 10555 88867 48722 27993 73204 5468 84432 87720 3933 4807 71973 13946 53871 81792 2955 29166 92470 30881 82067 42744 21681 93753 55808 28932 27988 19962 91778 49344 1097 82522 3002 31707 33134 69061 56658 76881 26440 42449 61109 32219 49989 38988 93473 74818 41581 97673 40845 42240 20438 7171 36748 44929 98980 73646 18200 41646 40597 9838 41234 50320 83859 38160 18519 67142 80883 57808 13134 68930 73328 12385 21053 64313 16056 62829 9256 78693 42745 80368 21964 66157 93893 39726 36363 96722 86631 78747 70296 35793 59433 68798 68600 42203 39244 18274 44612 92720 4238 15958 52048 13796 90783 32893 50278
376 199 7996 30465 34969 10648 54110 92534 57759 30058 3776 4242 67365 54852 3456 76324 26284 97633 54610 81483 89274 94274 36811 74278 17115 63607 34486 94234 70620 76855 36857 47561 55803 82401 489 39109 49764 36485 78132 87334 91040 24722 58542 46747 59902 80308 14383 36599 60131 86945 8646 34183 7897 22230 42207 63152 42160 31447 33186 7021 6929 18873 16298 50164 75944 87374 6425 14423 9052 73805 12471 84567 98649 14875 37783 8936 75689 84562 64230 87382 16659 20703 73502 66459 29119 9089 38102 4172 82313 14462 92933 68926 40609 67194 68400 91397 70060 10400 85289 24688 42985 78850 75453 87027 8497 5704 1791 46889 87009 13419 76921 2187 1164 86954 5307 85665 86133 84388 58024 26862 89590 15651 21600 20611 65469 93734 88516 12576 6069 12306 52565 49092 5895 34590 54553 80836 99602 27123 63789 46036 28302 25720 32570 43794 29492 14857 11192 96416 89114 74332 52946 87657 28140 42062 72868 98412 94745 40232 87054 53789 43308 18705 54142 57040 46958 23732 97902 8443 46175 39635 34744 50745 37549 53566 14307 4925 80854 96073 8149 745 75773 61489 10177 39743 86695 24468 69843 61264 35929 86403 88768 60805 60490 33738 39414 56301 59391 87946 66765 85537 80218 28420 55751 40718 50666 9589 81180 98003 81727 86677 5928 94312 23641 15838 37496 40036 60551 22270 98858 22170 9926 37702 5563 67563 55623 44033 13293 63414 67266 99748 17374 15566 98527 86231 40191 71731 14489 3856 75668 81449 93058 1953 50389 26711 16942 63717 60886 33493 60010 14174 77725 99761 10647 48293 57366 10929 69643 29572 87481 69960 61009 77196 15892 57189 36582 30564 37497 7892 91659 26035 97304 18474 67092 18132 83488 7404 25178 61469 60832 30231 5809 58527 10336 59805 73893 19842 43637 36921 26594 19721 29458 29183 65967 52555 79517 43407 40409 38311 87888 4509 70331 6788 7719 38177 20970 56761 52119 3818 86780 89045 17008 97622 40352 59551 98070 78174 94598 79053 78689 85294 95222 88013 20744 1033 57510 58697 6838 97043 356 98386 16917 62723 87089 34224 7948 13546 67415 41139 37126 62816 60728 13017 77713 39479 53588 34695 38898 66915 88090 33300 39134 73751 90699 61227 52028 31673 55578 26198 621 95936 99957 88310 22389 64291 10246 45302 47380 74932 95370 81490 50335 8646 55770 48293 71010 44600 38339 5128 52808
634 409 9209 76522 75354 16648 90441 86462 91010 40250 47139 99404 70739 57159 87409 79135 76845 18282 82320 33648 72383 81648 18146 55176 82839 48830 35309 20360 66207 45530 89240 85344 89628 42614 92964 62496 12994 53704 47503 64723 45205 42613 73454 38725 98184 80972 37268 55661 57342 82532 51458 58643 13616 36978 81245 53348 56884 97272 32455 14715 49901 50937 30182 28873 72964 9545 93822 78763 50949 17623 36518 8446 74891 84733 21783 56235 8084 25009 15124 56851 41602 73252 4056 65603 45379 34580 99290 65963 95404 23654 45084 57744 16058 23545 54994 35397 76231 48484 65859 82829 91282 68051 69952 37553 51770 5433 10173 57128 80681 7433 76197 24636 94009 75611 34335 40378 26865 6740 82768 5735 25099 74753 65936 86912 6396 39779 31227 38102 1628 1250 51201 14955 63646 75894 64021 68019 38759 41917 4516 78917 9503 5604 58124 984 80423 14019 8038 47261 99204 95092 18976 11605 9468 74830 55052 20562 79325 56263 11227 12163 81898 66264 34756 98363 58069 6784 61712 46893 46223 86819 13072 25400 82266 45850 18330 40007 38291 59742 57501 35538 30091 19037 72256 21021 34219 91597 75025 17856 27487 29254 52609 5126 28175 991 40053 36991 1186 58839 12586 80281 5291 61806 17793 44003 35120 21224 312 29518 91707 7870 4262 67081 26375 38802 93474 65990 58872 10774 4228 75945 2607 81512 24529 57936 86754 69986 76735 52989 95539 40990 8671 69952 80813 69754 59112 12621 9071 45923 22610 61035 47270 19575 92256 59313 11491 90686 73616 8398 48644 5323 5758 88020 90837 25108 7099 93816 19890 607 60381 62402 36035 97398 56587 66273 63220 6268 65006 2631 90806 97790 53027 25356 87838 24922 3231 33804 1797 47221 82417 44871 40763 56295 22749 15124 35279 74023 88350 18650 91450 97464 1162 78970 52485 92110 24967 61186 3497 42165 12412 3548 28251 31241 28224 90870 9620 58368 97374 77033 99906 85181 55665 96487 69228 31084 22621 77828 46701 81674 21206 78196 81172 66409 77261 22279 84854 595 2206 91743 72103 18179 90708 53095 66348 28170 11423 25815 49634 17888 48453 32079 90364 15998 45058 36127 4652 25811 88719 17622 3456 27963 47370 19260 25493 45724 60727 69514 12882 1550 5400 78433 76694 92357 48074 28175 88905 63535 24314 59311 68236 72503 38588 53112 2233 35272 77424 38800 36888 11089 39528 32177 31714 91566 7388 26021 15999 37697 99027 31507 9715 40573 47786 1017 37075 71601 93241 11850 71422 23483 83242 18644 48376 32882 53494 74435 45334 81874 67206 24947 97874 12662 33709 26126 90555 14306 59255 31976 82043 69074 27806 69264 88063 49377 90334 93673 65105 59263 66422 90337 24108 8339 77264 40158 61447 38414 75627 43137 25611 91009 59773 66603 97780 37994 76107 12670 98922 89462 63929 36399 49253 59319 19363 92475 88959 52741 87803 55464 96687 64475 34684 1090 30655 11137 55561 44881 18217 8913 97805 89968 64131 52894 61248 53686 55263 84561 95351 60059 99111 89696 5063 66973 36773 92028 90558 64062 29765 2236 18207 58087 58060 49975 14280 60426 60161 13139 67034 93195 4410 15691 53036 1114 92620 4815 26035 65301 11736 3263 35477 37317 27141 28995 3420 2693 38043 10887 85399 27244 41657 44801 2414 33523 94878 23366 29273 72810 2077 81593 97586 62001 31920 74816 588 21763 95236 66775 37233 43568 11014 6278 36955 1798 36035 40334 9981 98777 22770 83574 39201 92582 62634 35598 13896 42718 29143 27363 71113 94402 29529 37888 70860 13718 42841 75353 5566 50481 74984 72215 42487 84182 33327 11424 25810 8878 91157 60797 4454 24366 67462 97312 73479 73831 45311 34485 57789 16752 83471 73629 58790 89267 93141 80540 7048 76501 65607 3836 27100 20503 59420 84199 29596 4551 12608 68799 60876 39934 23124 94381 63112 73946 93518 18653 48525 17404 29488 42734 40352 18361 85219 81921 76961 96772 25763 41072 59249 53186 95217 14593 75139 92209 66671 45159 64788 9084 9590 28524 83178 12415 65150
906 829 5173 7601 38978 21606 20767 89351 14196 65291 34627 70624 81020 48535 65723 17759 92688 46237 4339 22608 7677 43494 94530 10914 69222 81952 71875 76894 7866 24383 98864 22575 59894 72845 20096 49810 28704 53375 82810 39213 64764 41804 20219 73530 90712 65111 72243 72185 57968 2074 86087 62577 19828 10130 22122 48016 30880 41415 50947 94012 78092 37907 46876 76901 82778 24840 55814 72551 71477 86912 24618 78399 99301 25024 14895 91319 80643 20275 27685 81200 13306 83250 52930 69381 5141 75041 1408 33191 42553 39181 43434 71280 99967 8154 91180 36311 21649 36036 58287 20429 96038 81453 69026 11665 67370 46462 29312 76934 68991 97624 68988 5699 93221 14718 41784 60220 64196 635 25137 31390 34115 18162 9072 74734 56418 55965 26681 98616 65390 62662 37511 14148 16036 80633 89046 64659 50281 90263 72537 14647 77633 64711 79208 68173 8852 10585 68817 48076 51222 9276 71460 36581 85189 68131 36361 67144 43822 5274 39162 91268 42416 48496 27685 71031 46935 20877 44553 3074 44343 43773 32921 3585 95437 29695 25438 1296 70244 70180 25073 41852 88415 91844 43098 13573 74834 7421 50265 58400 76879 37289 50969 22860 87177 28129 28650 44864 45516 42211 19349 45544 63701 78928 84282 84986 40872 47174 99517 73351 62605 1088 33175 84829 79933 55852 85431 20094 11440 52244 30568 65360 15414 85821 46516 45808 13204 16955 11102 88738 20683 81158 56512 29886 90230 92124 80445 53613 55784 9341 68201 42520 70570 31001 72134 4488 64717 79250 11701 85382 16437 48118 36003 10670 98867 49509 63672 96295 99072 63080 83475 14272 93223 45628 84539 24782 16236 95111 64691 91912 90899 72761 53748 33027 88757 1654 35093 7651 68387 60494 15993 68071 59716 37718 21995 51859 84068 81706 59580 73093 59531 62537 5668 22954 64036 24717 52263 3732 17358 1366 86669 80253 44643 5720 78912 29157 86184 92068 61571 9205 22972 77968 92397 88279 23034 39806 47103 9711 91851 75706 2856 7869 75883 73546 73265 81636 63537 34519 1491 49968 72730 8343 89521 84839 16831 97694 67674 48746 25795 93739 60095 60687 19881 56123 34554 88984 50901 76209 93549 69812 29109 90988 96552 94934 2886 8028 1108 64802 74597 71100 90921 91636 14647 20819 76247 75271 86377 92641 92079 14462 94978 76793 29098 99223 95311 69036 49868 18800 25059 28819 8106 70252 14470 62727 53117 73816 21849 97273 56369 38284 9276 67788 6009 92329 34914 87800 89691 46418 97354 25545 73185 81806 32315 26829 87412 66822 90885 33107 62018 34029 10489 57937 36632 68085 25373 91852 40717 87735 19139 5673 36096 30930 51396 98747 5036 11738 57632 38259 48229 99295 23648 10851 5298 26858 57341 23819 84223 47478 8331 18580 62423 91662 49607 6299 90040 83862 53213 35002 84733 24745 75 20516 75093 59265 13749 42638 74626 66517 44697 34353 16492 8335 29848 22478 54801 3811 70411 61836 27695 22952 6195 86755 9427 54845 28242 45397 72390 35118 28397 97735 12272 43801 63076 90017 52520 7871 60297 33478 14151 9622 2189 68575 41795 22409 77916 94733 76795 41586 22518 1025 35880 46106 87234 26510 10280 19125 31567 49292 89279 32031 17924 72298 80903 65265 13982 61663 28231 31795 90516 21252 60108 86119 66390 35259 27980 99170 77356 40273 98486 88635 76593 55528 63311 91975 89509 18508 96074 39460 83946 21493 94505 19635 82984 53019 30994 48713 77596 92779 88959 75033 12801 82512 15359 59846 68891 44234 41336 80203 11966 64394 40346 47367 47363 66518 95097 85775 77686 24756 20262 46026 22683 86695 98963 22901 97006 73415 79800 92193 77039 47470 18869 57180 78055 21165 68135 21195 35248 71894 4581 52510 60223 62831 58099 71376 44143 63333 57035 90580 44644 73536 71830 86395 23116 16052 7614 80735 449 56518 71367 26316 42554 93966 45095 30996 30253 18231 11871 82135 97892 88099 66409 17263 80461 50203 60306 38399 40727 54836 58030 71939 39194 50896 47849 51947 57178 16698 23728 56721 11067 24882 83414 6636 51362 56681 1528 4393 14659 20149 62623 92634 92109 65551 56798 47800 29440 53587 69976 70026 96390 66644 86745 2625 12566 92439 63614 9559 86702 42709 59080 58739 21322 30849 25226 84050 88599 40271 71740 61778 54706 69377 76832 23508 72244 3873 21919 34146 56139 4788 28663 79118 72807 14001 63447 13447 80321 50236 28062 37975 89392 49316 31850 52494 42559 47966 54591 21647 28814 90207 50161 30158 5774 21573 52401 21319 21986 21557 91005 43301 37134 87036 7968 45699 94089 19678 75712 38577 2537 19051 24832 8863 32138 93148 92528 72456 20882 89230 71312 9747 24932 20917 64845 24220 68547 28663 43841 46002 39945 68401 22739 70356 37839 63848 30879 35155 81201 54109 2358 18164 11361 28215 99059 15551 13133 9042 99124 98750 74243 65402 54428 2425 53776 4011 75010 76153 21218 30352 29185 66463 14421 22340 18902 18953 62451 72062 52088 16259 47276 15847 20686 35902 96677 90542 11092 47970 97393 11277 78889 38998 81329 37131 812 30517 57107 53386 66722 5905 56139 53399 68981 58369 36747 49129 62157 93844 33226 99216 88847 89480 58010 87334 79535 40137 26113 53809 25971 20165 79730 17914 66665 80101 21833 67816 40248 58137 52703 88710 26295 95803 89193 30585 39720 68448 39043 68195 7800 2885 27619 62313 79439 54226 78382 5508 19537 93461 70171 5851 76522 10263 97240 24236 58993 83805 64724 45692 39190 21374 4934 67166 64578 91188 16727 83997 15999 37733 24324 82401 63395 61346 98326 51732 12925 53191 29344 60657 96840 24694 68696 67101 37570 91740 11752 61341 99867 65445 73836 7626 29235 3357 41127 63236 58352 23370 14009 72202 61564 27525 42648 5410 24323 88291 66012
197 104 2704 48204 57003 41111 50841 1862 26760 21805 57466 20718 24205 52241 30120 26498 98390 1943 42956 93328 71860 9059 70959 68548 90604 22458 79556 67108 54457 98695 81208 39889 39057 13892 87916 49440 54065 34157 11520 63152 54754 86643 75588 4929 85504 57924 9392 14793 12259 11199 88125 24371 46299 35309 22696 94297 93419 88501 87911 73520 67733 81353 53060 1546 47512 36480 26784 73476 71289 88921 76518 99051 35019 60490 31230 58364 72598 72847 38482 65867 10904 41140 59964 18235 63663 13723 88254 34844 68703 38118 10336 78809 22586 89805 98288 69152 21484 30945 82582 42727 18107 5668 3688 56855 46958 22154 46967 53678 35149 52062 92378 28364 1406 21934 62384 55946 30412 31404 57140 86871 77469 30394 51774 62435 69319 44964 75947 46044 86066 89189 80392 36004 65007 57580 77977 16392 12986 3997 56577 53593 13891 94550 45387 24591 99819 93038 98892 59051 72641 13138 46379 63770 34154 73589 49272 85860 48727 19176 56719 42470 92205 1775 26409 90646 65621 15202 93672 28833 18863 32683 27106 89482 59332 22911 77127 83840 21870 75309 85544 48830 15904 5341 70941 55704 89673 24917 55411 95454 54234 49108 95993 44485 88613 71969 47936 74946 92326 15526 95591 95581
991 399 4550 85297 91811 50660 15161 8907 69973 22223 33610 70585 49185 99579 67872 63492 13173 57331 6892 25903 46582 7193 35387 7366 83676 84291 18693 18317 30602 30235 54989 65149 60758 45240 16078 97154 87607 60679 62884 95857 53516 4036 98839 61344 55125 51470 6773 51913 15891 66986 3872 38638 66878 12181 74439 49902 62257 53731 7287 49395 33016 83672 7022 16539 39918 46137 4932 51650 66200 97012 43854 84881 10364 60728 18759 32354 84789 27358 64511 39937 6350 78257 42243 27328 84480 37964 27795 99893 26569 82081 74184 38540 3406 10554 56526 34924 17941 64280 89763 7769 30127 6537 64414 67802 14690 7623 52397 27769 90031 45559 24239 97851 24777 90556 57133 90073 90931 37156 10506 51991 2978 86390 99628 64851 20851 67224 17536 55228 96988 21752 13711 12229 74303 39491 89555 59970 58214 3613 17701 1069 16584 12026 56625 71383 32876 38115 36495 69713 34259 12129 88780 57651 32320 75929 47444 82370 62092 57384 40636 53031 19174 21909 6828 99242 43056 3067 97967 96232 95938 44077 71873 49169 36346 26758 69814 43825 90252 46050 21618 56182 80993 17277 17762 44320 86105 87015 65483 4075 12615 51804 36806 2855 29947 38318 1268 83231 81328 85400 7867 60228 34199 3607 42567 74583 72486 71778 22683 55510 56117 68888 81188 62184 92721 1607 68944 84241 95833 15047 2875 58268 17145 96474 92264 56112 2647 25194 62536 30089 57905 59808 75794 56512 53407 76770 72462 81782 54912 56854 58779 58294 27614 70881 80994 12849 38181 63007 66733 9982 32624 52716 54846 55429 6802 52224 26052 66285 99781 17541 85708 47037 71970 72363 36344 70239 55016 47602 35572 78925 27804 72400 87951 91394 21460 33328 34778 91826 3392 79004 65815 75376 28794 24643 45243 12079 74775 83853 82181 42901 74743 37291 49189 15804 30241 88582 34311 91868 2857 79690 78290 37157 99308 77421 40632 26166 8566 93091 2290 74634 29127 75619 73081 9945 73348 70371 74542 45508 10766 2010 73104 85739 12759 47203 18961 59299 97265 27986 70750 28601 5951 49198 11918 5279 64683 24446 30882 52402 6535 7885 66514 23662 44398 99344 45179 32105 66491 152 14451 64255 94862 44591 19369 88834 29960 69337 71803 12455 54282 68195 41762 25373 28796 44540 76127 71099 37476 86932 88258 86913 92851 15296 12268 33127 13414 19757 4612 58858 31505 75729 12349 56232 72914 93038 18751 42537 4826 24315 58949 83536 5367 81857 60014 60282 99645 40366 68209 32698 86303 39733 4434 36880 49858 20123 64968 59462 66403 23839 56569 35081 48510 41102 48422 56303 38585 47041 40033 33003 14727 76950 8503 53255 53377 18390 99118 41027 94154 31970 50975 6880 54298 47786 75735 86617 3401 78048 15138 12803 13136 27039 33470 10185 17870 42829 82601 7425 35207 3682 46271 56088 79709 27420 45644 41213 9629 89408 59499 47033 63847 9949 24951 43705 26334 11547 33573 23422 99748 18550 29937 31432 60413 80398 21126 23678 99099 46995 56153 80797 69428 15948 98693 16688 5210 79104 43830 35442 24016 2217 83880 80625 70538 75226 47778 91934 14105 70632 10106 65087 573 79103 92836 32935 92632 70204 59004 60117 29127 16919 87743 10177 83872 44775 31379 16326 17954 5381 97745 71459 33171 67718 65681 57937 41350 94385 52104 1065 38878 94345 6738 26614 55628 61851 80079 18609 8071 14068 16653 19990 56320 22716 61228 28997 24465 69483 11586 95583 93728 86568 8482 88379 48774 75928 84915 27217 86512 66100 58660 14685 79208 1623 87223 99842 10677 56874 846 16158 76865 2308 76090 60218 95384 60333 51134 51663 74225 89265 70988 66303 91128 74380 81075 63165 19260 49775 80419 57108 34628 34648 40709 46525 65355 16565 32460 75324 77488 64780 83986 76385 24722 45982 92506 39550 87891 49449 87456 51823 63909 73931 90549 63945 76978 6452 60654 75994 98495 47280 62489 94903 4900 11161 80927 10789 46733 1885 6113 45754 40819 25570 43957 33471 3861 46475 40787 54388 34917 22639 74542 71196 6836 74850 82403 70245 83545 42314 9548 44321 33403 22370 23638 33458 128 91444 61206 89645 92620 55092 41742 39165 71269 8244 1598 66952 44831 20104 13502 75864 62839 5612 18368 23081 37393 59929 56779 82085 15217 43570 99398 13965 39357 91283 83557 40838 7683 8493 27925 85346 20909 8512 81748 90084 28104 88645 83879 83629 40917 38891 84420 72419 35936 39598 36709 28618 9252 55066 65916 70431 3350 46143 22840 91403 30344 80276 95995 35303 8302 37368 91807 48760 96853 52908 19015 75733 37347 60677 5442 80294 79881 55660 1849 25522 4541 42700 98629 86461 60598 57886 14559 72910 48674 72426 15804 78381 20405 70641 71399 83228 49542 46484 4927 6696 95161 26546 61125 94213 30208 37703 7629 9370 84561 82310 58748 14578 39472 24481 48551 65356 11298 34721 81616 94721 85531 81887 23494 85112 54021 45242 62383 48408 24210 9435 90975 13369 61913 13219 88434 56076 66314 21831 78879 91769 32092 28292 34383 83522 37511 918 47198 56994 22861 85797 83345 15438 66766 49880 16713 98488 35151 71360 90038 87745 31731 82370 33552 95624 44826 58268 39147 65996 88577 65672 82852 93136 81237 16733 36998 97625 26728 54594 69374 49110 57645 71792 39824 52678 30425 19061 78898 99177 71920 33843 60016 59168 13631 55237 80903 5742 10424 31215 87431 24153 9690 58246 58601 19867 41733 82113 80679 74804 9898 85705 40679 24214 56346 99938 14581 92017 25213 91720 44244 66423 619 39880 84951 57604 81613 72728 70139 29680 50060 59393 30373 41075 21356 63086 13502 9116 49166 49409 89951 23738 16694 24679 1629 28296 46483 76490 19492 71452 72658 61673 75478 24371 89684 65028 76373 95011 30661 32598 9290 29473 71580 99397 92751 97166 91118 44152 42811 84510 72554 2164 57840 21894 73318 97864 80297 21469 62581 40814 54584 23397 71998 8661 19616 91424 85972 97399 52466 74720 8841 12747 56424 20791 95367 11957 12034 17938 10085 63712 36563 51349 22569 37015 16439 53602 79061 85524 15178 39102 47469 93344 70431 54655 99753 10644 28421 13566 19061 61795 72368 58180 39417 55174 17273 47553 43374 59029 81414 88353 10451 56898 65109 20808 88935 77080 59395 18774 49502 64192 74284 12395 58200 55296 24521 92912 4673 13838
